step,batch,num_query_tokens,sum_seq_len,num_spec_tokens,draft_ms
0,32,8192,8192,3,1669.123047
1,32,160,160,3,3.894272
2,32,128,288,3,3.411968
3,1,1025,1025,3,5.4272
4,9,8192,9217,3,22.257664
5,17,8192,17409,3,22.595585
6,25,8192,25599,3,22.657024
7,32,7389,32970,3,20.857857
8,32,128,33075,3,3.065856
9,32,128,33166,3,3.048448
10,32,128,33242,3,3.021824
11,32,128,33315,3,3.0208
12,32,128,33397,3,3.027968
13,32,128,33480,3,3.00544
14,32,128,33562,3,3.001344
15,32,128,33632,3,3.011584
16,32,128,33720,3,3.013632
17,32,128,33811,3,3.011584
18,32,128,33882,3,3.007488
19,32,128,33961,3,3.007488
20,32,128,34041,3,3.016704
21,32,128,34113,3,3.018752
22,32,128,34192,3,2.999296
23,32,128,34262,3,3.01568
24,32,128,34332,3,3.014656
25,32,128,34418,3,3.01568
26,32,128,34501,3,3.021824
27,32,128,34589,3,3.008512
28,32,128,34660,3,3.012608
29,32,128,34737,3,3.019776
30,32,128,34817,3,3.016704
31,32,128,34910,3,3.01568
32,32,128,34983,3,3.0208
33,32,128,35053,3,3.0208
34,32,128,35135,3,3.017728
35,32,128,35206,3,3.014656
36,32,128,35275,3,3.017728
37,32,128,35351,3,3.022848
38,32,128,35437,3,3.023872
39,32,128,35506,3,3.021824
40,32,128,35582,3,3.021824
41,32,128,35661,3,3.017728
42,32,128,35744,3,3.007488
43,32,128,35816,3,3.022848
44,32,128,35884,3,3.023872
45,32,128,35953,3,3.030016
46,32,128,36027,3,3.018752
47,32,128,36103,3,3.017728
48,32,128,36183,3,3.024896
49,32,128,36253,3,3.02592
50,32,1149,36215,3,5.512192
51,32,128,36293,3,3.07712
52,32,1148,36236,3,5.491712
53,32,2169,36056,3,8.13568
54,32,1149,36007,3,5.46304
55,32,3190,35694,3,10.59328
56,32,128,35772,3,3.06176
57,32,3191,35438,3,10.816512
58,32,2170,35281,3,8.127488
59,32,5232,34693,3,16.153601
60,32,1149,34664,3,5.464064
61,32,5233,34076,3,16.306175
62,32,2170,33925,3,8.193024
63,32,128,34000,3,3.05664
64,32,1149,33940,3,5.49376
65,32,2170,33742,3,8.126464
66,32,2170,33536,3,8.129536
67,32,128,33623,3,3.067904
68,32,1149,33565,3,5.485568
69,32,128,33648,3,3.058688
70,32,128,33726,3,3.02592
71,32,128,33808,3,3.024896
72,32,128,33887,3,3.016704
73,32,128,33964,3,3.003392
74,32,128,34042,3,3.01056
75,32,128,34128,3,3.011584
76,32,128,34194,3,3.01056
77,32,128,34274,3,3.011584
78,32,128,34341,3,3.014656
79,32,128,34430,3,3.012608
80,32,128,34511,3,3.014656
81,32,128,34588,3,3.016704
82,32,128,34677,3,3.0208
83,32,128,34758,3,3.016704
84,32,128,34825,3,3.01568
85,32,128,34898,3,3.01568
86,32,128,34973,3,3.019776
87,32,128,35063,3,3.018752
88,32,128,35150,3,3.018752
89,32,128,35230,3,3.01568
90,32,128,35309,3,3.017728
91,32,128,35383,3,3.01568
92,32,128,35445,3,3.026944
93,32,128,35521,3,3.017728
94,32,128,35598,3,3.021824
95,32,128,35676,3,3.021824
96,32,128,35742,3,3.017728
97,32,128,35812,3,3.021824
98,32,128,35884,3,3.022848
99,32,128,35954,3,3.024896
100,32,128,36036,3,3.019776
101,32,1149,35998,3,5.500928
102,32,128,36076,3,3.062784
103,32,128,36158,3,3.053568
104,32,1149,36117,3,5.51424
105,32,2170,35947,3,8.196096
106,32,128,36026,3,3.07712
107,32,3191,35715,3,10.597376
108,32,4210,35259,3,13.403136
109,32,128,35349,3,3.083264
110,32,2170,35170,3,8.275968
111,32,1149,35122,3,5.505024
112,32,1149,35060,3,5.520384
113,32,3191,34731,3,10.694656
114,32,2169,34563,3,8.226816
115,32,2169,34386,3,8.183808
116,32,128,34477,3,3.07712
117,32,2170,34284,3,8.193024
118,32,1148,34236,3,5.530624
119,32,2170,34041,3,8.200192
120,32,1149,33979,3,5.485568
121,32,128,34061,3,3.06176
122,32,2170,33848,3,8.193024
123,32,128,33918,3,3.067904
124,32,128,34004,3,3.038208
125,32,128,34084,3,3.032064
126,32,128,34157,3,3.028992
127,32,128,34241,3,3.018752
128,32,1149,34171,3,5.485568
129,32,128,34256,3,3.063808
130,32,1149,34190,3,5.484544
131,32,128,34263,3,3.05152
132,32,128,34334,3,3.037184
133,32,128,34409,3,3.028992
134,32,128,34490,3,3.023872
135,32,128,34567,3,3.01568
136,32,128,34655,3,3.01568
137,32,128,34742,3,3.01568
138,32,128,34820,3,3.018752
139,32,128,34904,3,3.021824
140,32,128,34981,3,3.012608
141,32,128,35062,3,3.023872
142,32,128,35137,3,3.014656
143,32,128,35214,3,3.021824
144,32,128,35290,3,3.0208
145,32,128,35368,3,3.022848
146,32,128,35445,3,3.017728
147,32,128,35524,3,3.014656
148,32,128,35607,3,3.016704
149,32,128,35692,3,3.0208
150,32,128,35776,3,3.03104
151,32,128,35860,3,3.019776
152,32,128,35920,3,3.019776
153,32,1149,35863,3,5.538816
154,32,128,35947,3,3.070976
155,32,128,36030,3,3.047424
156,32,128,36102,3,3.021824
157,32,1149,36055,3,5.496832
158,32,128,36137,3,3.081216
159,32,1148,36093,3,5.485568
160,32,2170,35920,3,8.213504
161,32,2169,35751,3,8.274944
162,32,3191,35434,3,10.799104
163,32,5233,34852,3,16.323584
164,32,1149,34816,3,5.497856
165,32,2170,34641,3,8.18688
166,32,2169,34464,3,8.18688
167,32,128,34540,3,3.076096
168,32,128,34610,3,3.045376
169,32,128,34681,3,3.027968
170,32,2169,34484,3,8.229888
171,32,1149,34418,3,5.502976
172,32,2168,34224,3,8.17664
173,32,128,34306,3,3.076096
174,32,1149,34252,3,5.486592
175,32,2170,34071,3,8.198144
176,32,128,34152,3,3.057664
177,32,1149,34086,3,5.495808
178,32,128,34159,3,3.06688
179,32,128,34254,3,3.040256
180,32,1149,34192,3,5.51936
181,32,128,34271,3,3.068928
182,32,128,34354,3,3.04128
183,32,1149,34295,3,5.489664
184,32,128,34375,3,3.064832
185,32,1149,34316,3,5.49376
186,32,128,34390,3,3.059712
187,32,128,34463,3,3.038208
188,32,128,34562,3,3.011584
189,32,128,34639,3,3.017728
190,32,128,34718,3,3.03104
191,32,128,34799,3,3.01568
192,32,128,34881,3,3.017728
193,32,128,34961,3,3.018752
194,32,128,35034,3,3.014656
195,32,128,35123,3,3.024896
196,32,128,35203,3,3.012608
197,32,128,35271,3,3.019776
198,32,128,35356,3,3.017728
199,32,128,35434,3,3.022848
200,32,128,35505,3,3.018752
201,32,128,35580,3,3.019776
202,32,128,35663,3,3.022848
203,32,128,35736,3,3.023872
204,32,128,35807,3,3.024896
205,32,128,35883,3,3.021824
206,32,128,35961,3,3.022848
207,32,128,36039,3,3.022848
208,32,128,36126,3,3.027968
209,32,1149,36060,3,5.548032
210,32,128,36132,3,3.080192
211,32,128,36205,3,3.067904
212,32,1148,36150,3,5.533696
213,32,1149,36089,3,5.502976
214,32,3191,35782,3,10.699776
215,32,1149,35724,3,5.504
216,32,1149,35661,3,5.513216
217,32,3191,35331,3,10.687488
218,32,3191,34987,3,10.674176
219,32,2170,34777,3,8.205312
220,32,2169,34627,3,8.192
221,32,2170,34449,3,8.266752
222,32,128,34538,3,3.067904
223,32,2170,34328,3,8.192
224,32,128,34410,3,3.06176
225,32,2169,34227,3,8.259584
226,32,128,34316,3,3.072
227,32,1149,34268,3,5.489664
228,32,3191,33959,3,10.682368
229,32,128,34044,3,3.086336
230,32,128,34120,3,3.033088
231,32,128,34203,3,3.019776
232,32,128,34271,3,3.023872
233,32,128,34349,3,3.019776
234,32,1149,34287,3,5.676032
235,32,2170,34118,3,8.178688
236,32,128,34205,3,3.078144
237,32,128,34286,3,3.03616
238,32,128,34371,3,3.02592
239,32,128,34448,3,3.030016
240,32,1149,34376,3,5.538816
241,32,128,34449,3,3.08224
242,32,128,34538,3,3.038208
243,32,128,34616,3,3.027968
244,32,128,34698,3,3.026944
245,32,128,34766,3,3.034112
246,32,128,34852,3,3.018752
247,32,128,34926,3,3.021824
248,32,128,35010,3,3.019776
249,32,128,35085,3,3.01568
250,32,128,35156,3,3.022848
251,32,128,35223,3,3.011584
252,32,128,35304,3,3.017728
253,32,128,35397,3,3.019776
254,32,128,35487,3,3.024896
255,32,128,35571,3,3.012608
256,32,128,35653,3,3.018752
257,32,128,35730,3,3.018752
258,32,1148,35685,3,5.530624
259,32,128,35769,3,3.083264
260,32,128,35852,3,3.03104
261,32,1149,35812,3,5.543936
262,32,128,35892,3,3.079168
263,32,128,35963,3,3.044352
264,32,128,36037,3,3.03616
265,32,1148,35984,3,5.52448
266,32,1149,35930,3,5.496832
267,32,1149,35872,3,5.497856
268,32,128,35945,3,3.06688
269,32,3190,35621,3,10.663936
270,32,1149,35568,3,5.543936
271,32,3191,35238,3,10.70592
272,32,2170,35052,3,8.316928
273,32,4212,34624,3,13.30176
274,32,1149,34595,3,5.501952
275,32,2170,34416,3,8.285184
276,32,2170,34229,3,8.210432
277,32,1149,34185,3,5.545984
278,32,1149,34129,3,5.536768
279,32,1149,34084,3,5.53984
280,32,1149,34031,3,5.489664
281,32,1149,33977,3,5.545984
282,32,128,34066,3,3.070976
283,32,128,34149,3,3.057664
284,32,128,34228,3,3.04128
285,32,1149,34173,3,5.547008
286,32,128,34264,3,3.072
287,32,2169,34063,3,8.25856
288,32,128,34138,3,3.069952
289,32,128,34209,3,3.040256
290,32,128,34288,3,3.027968
291,32,1149,34226,3,5.537792
292,32,128,34309,3,3.080192
293,32,128,34398,3,3.047424
294,32,128,34472,3,3.03104
295,32,128,34554,3,3.02592
296,32,128,34630,3,3.03104
297,32,128,34709,3,3.01568
298,32,128,34795,3,3.022848
299,32,128,34875,3,3.018752
300,32,128,34955,3,3.022848
301,32,128,35032,3,3.019776
302,32,128,35114,3,3.022848
303,32,128,35194,3,3.01568
304,32,128,35277,3,3.026944
305,32,128,35347,3,3.023872
306,32,128,35415,3,3.014656
307,32,128,35497,3,3.017728
308,32,128,35588,3,3.023872
309,32,128,35665,3,3.02592
310,32,128,35754,3,3.027968
311,32,128,35824,3,3.026944
312,32,128,35906,3,3.014656
313,32,128,35985,3,3.022848
314,32,128,36053,3,3.018752
315,32,1149,36000,3,5.547008
316,32,2169,35815,3,8.20224
317,32,128,35897,3,3.0976
318,32,1149,35846,3,5.542912
319,32,3190,35547,3,10.781696
320,32,2169,35374,3,8.271872
321,32,1149,35323,3,5.567488
322,32,128,35396,3,3.09248
323,32,128,35467,3,3.059712
324,32,128,35553,3,3.038208
325,32,2170,35353,3,8.265728
326,32,2170,35168,3,8.216576
327,32,3191,34822,3,10.683392
328,32,2170,34611,3,8.199168
329,32,2170,34419,3,8.33024
330,32,3190,34104,3,10.831872
331,32,1149,34050,3,5.492736
332,32,128,34135,3,3.060736
333,32,128,34213,3,3.0464
334,32,1149,34161,3,5.496832
335,32,128,34251,3,3.047424
336,32,1149,34192,3,5.484544
337,32,128,34270,3,3.062784
338,32,1149,34214,3,5.490688
339,32,128,34283,3,3.068928
340,32,1149,34230,3,5.477376
341,32,128,34322,3,3.074048
342,32,1149,34276,3,5.53472
343,32,128,34363,3,3.078144
344,32,128,34451,3,3.03616
345,32,1148,34400,3,5.527552
346,32,128,34483,3,3.072
347,32,128,34557,3,3.038208
348,32,128,34639,3,3.019776
349,32,1149,34596,3,5.537792
350,32,128,34666,3,3.081216
351,32,128,34733,3,3.054592
352,32,128,34809,3,3.021824
353,32,128,34883,3,3.02592
354,32,128,34963,3,3.030016
355,32,128,35048,3,3.019776
356,32,128,35126,3,3.019776
357,32,128,35195,3,3.018752
358,32,128,35264,3,3.01568
359,32,128,35341,3,3.016704
360,32,128,35419,3,3.01568
361,32,128,35498,3,3.018752
362,32,128,35566,3,3.019776
363,32,128,35640,3,3.018752
364,32,128,35716,3,3.028992
365,32,128,35798,3,3.018752
366,32,128,35878,3,3.032064
367,32,128,35949,3,3.03104
368,32,1149,35902,3,5.549056
369,32,128,35975,3,3.088384
370,32,1149,35906,3,5.492736
371,32,2170,35721,3,8.285184
372,32,2170,35550,3,8.343552
373,32,2170,35376,3,8.275968
374,32,1148,35334,3,5.536768
375,32,128,35414,3,3.074048
376,32,2170,35224,3,8.272896
377,32,2169,35050,3,8.203264
378,32,128,35124,3,3.075072
379,32,4211,34686,3,13.292544
380,32,2170,34499,3,8.193024
381,32,3190,34213,3,10.766336
382,32,128,34299,3,3.081216
383,32,128,34381,3,3.0464
384,32,128,34452,3,3.032064
385,32,128,34529,3,3.030016
386,32,2170,34359,3,8.260608
387,32,1148,34304,3,5.48864
388,32,128,34403,3,3.073024
389,32,128,34488,3,3.038208
390,32,1149,34433,3,5.531648
391,32,1149,34379,3,5.497856
392,32,1149,34324,3,5.490688
393,32,128,34399,3,3.08224
394,32,1133,34362,3,5.472256
395,32,128,34455,3,3.064832
396,32,128,34527,3,3.047424
397,32,128,34601,3,3.02592
398,32,128,34681,3,3.030016
399,32,1149,34618,3,5.592064
400,32,128,34694,3,3.078144
401,32,128,34780,3,3.055616
402,32,1149,34726,3,5.528576
403,32,128,34802,3,3.081216
404,32,128,34867,3,3.048448
405,32,128,34941,3,3.035136
406,32,128,35024,3,3.03104
407,32,1149,34961,3,5.530624
408,32,128,35037,3,3.083264
409,32,128,35118,3,3.044352
410,32,128,35186,3,3.034112
411,32,128,35264,3,3.027968
412,32,128,35343,3,3.026944
413,32,1149,35299,3,5.537792
414,32,128,35365,3,3.085312
415,32,128,35437,3,3.049472
416,32,128,35509,3,3.017728
417,32,128,35582,3,3.028992
418,32,128,35658,3,3.03616
419,32,1149,35610,3,5.537792
420,32,1149,35558,3,5.491712
421,32,1149,35514,3,5.501952
422,32,1149,35468,3,5.497856
423,32,2170,35300,3,8.200192
424,32,1149,35248,3,5.58592
425,32,3191,34953,3,10.985472
426,32,1149,34895,3,5.572608
427,32,2170,34704,3,8.193024
428,32,128,34787,3,3.084288
429,32,1149,34727,3,5.527552
430,32,1149,34679,3,5.496832
431,32,1149,34633,3,5.495808
432,32,1149,34569,3,5.485568
433,32,128,34655,3,3.057664
434,32,128,34741,3,3.044352
435,32,1149,34715,3,5.53984
436,32,2169,34515,3,8.251392
437,32,1149,34467,3,5.576704
438,32,128,34552,3,3.095552
439,32,1149,34513,3,5.535744
440,32,128,34592,3,3.080192
441,32,1149,34546,3,5.500928
442,32,128,34634,3,3.05664
443,32,1149,34574,3,5.531648
444,32,2169,34390,3,8.260608
445,32,128,34476,3,3.083264
446,32,128,34558,3,3.039232
447,32,1149,34513,3,5.531648
448,32,128,34591,3,3.07712
449,32,128,34673,3,3.043328
450,32,128,34747,3,3.02592
451,32,128,34821,3,3.035136
452,32,128,34893,3,3.030016
453,32,128,34963,3,3.024896
454,32,128,35042,3,3.017728
455,32,1149,34978,3,5.538816
456,32,1149,34910,3,5.48864
457,32,128,34974,3,3.075072
458,32,1149,34935,3,5.530624
459,32,1149,34854,3,5.49376
460,32,128,34937,3,3.065856
461,32,128,35009,3,3.047424
462,32,1149,34959,3,5.531648
463,32,128,35029,3,3.084288
464,32,128,35105,3,3.037184
465,32,128,35183,3,3.037184
466,32,128,35254,3,3.03616
467,32,128,35332,3,3.033088
468,32,128,35411,3,3.007488
469,32,128,35483,3,3.0208
470,32,1149,35441,3,5.532672
471,32,128,35522,3,3.083264
472,32,1148,35472,3,5.536768
473,32,3190,35169,3,10.783744
474,32,128,35247,3,3.08224
475,32,1149,35196,3,5.536768
476,32,128,35273,3,3.080192
477,32,1149,35209,3,5.536768
478,32,1117,35147,3,5.515264
479,32,128,35226,3,3.084288
480,32,1148,35168,3,5.57056
481,32,2170,34997,3,8.274944
482,32,1149,34924,3,5.500928
483,32,128,35000,3,3.069952
484,32,1148,34935,3,5.531648
485,32,128,35020,3,3.083264
486,32,1149,34963,3,5.53472
487,32,128,35029,3,3.070976
488,32,1149,34963,3,5.542912
489,32,1149,34921,3,5.504
490,32,2170,34722,3,8.353792
491,32,1149,34658,3,5.53472
492,32,128,34735,3,3.079168
493,32,128,34808,3,3.054592
494,32,128,34891,3,3.03616
495,32,2170,34699,3,8.23808
496,32,128,34784,3,3.070976
497,32,128,34865,3,3.037184
498,32,1149,34808,3,5.548032
499,32,1149,34745,3,5.533696
500,32,1149,34701,3,5.543936
501,32,128,34784,3,3.07712
502,32,128,34855,3,3.048448
503,32,1149,34774,3,5.531648
504,32,1149,34742,3,5.53984
505,32,128,34830,3,3.086336
506,32,1149,34768,3,5.528576
507,32,128,34848,3,3.098624
508,32,1149,34802,3,5.548032
509,32,1148,34749,3,5.491712
510,32,128,34832,3,3.072
511,32,128,34910,3,3.033088
512,32,128,34981,3,3.037184
513,32,128,35056,3,3.033088
514,32,128,35130,3,3.034112
515,32,1149,35059,3,5.540864
516,32,128,35137,3,3.089408
517,32,128,35211,3,3.05664
518,32,128,35286,3,3.043328
519,32,128,35349,3,3.040256
520,32,1149,35289,3,5.53472
521,32,1148,35217,3,5.532672
522,32,2170,35034,3,8.261632
523,32,128,35108,3,3.086336
524,32,1149,35079,3,5.533696
525,32,128,35153,3,3.084288
526,32,128,35234,3,3.054592
527,32,128,35324,3,3.037184
528,32,2170,35146,3,8.264704
529,32,128,35221,3,3.084288
530,32,128,35302,3,3.049472
531,32,1149,35256,3,5.543936
532,32,2168,35058,3,8.267776
533,32,2170,34881,3,8.265728
534,32,1149,34847,3,5.510144
535,32,128,34938,3,3.081216
536,32,128,35019,3,3.06176
537,32,128,35114,3,3.035136
538,32,128,35182,3,3.03104
539,32,2170,34990,3,8.271872
540,32,128,35077,3,3.085312
541,32,2170,34900,3,8.269824
542,32,3191,34587,3,10.689536
543,32,128,34672,3,3.086336
544,32,1149,34632,3,5.541888
545,32,1149,34562,3,5.535744
546,32,128,34646,3,3.08224
547,32,128,34731,3,3.049472
548,32,128,34816,3,3.032064
549,32,1149,34760,3,5.521408
550,32,128,34837,3,3.083264
551,32,128,34930,3,3.057664
552,32,128,35000,3,3.035136
553,32,1149,34944,3,5.533696
554,32,128,35026,3,3.096576
555,32,1149,34952,3,5.53472
556,32,2170,34770,3,8.282112
557,32,2170,34564,3,8.2688
558,32,128,34645,3,3.058688
559,32,128,34717,3,3.047424
560,32,128,34798,3,3.034112
561,32,1149,34726,3,5.535744
562,32,128,34810,3,3.075072
563,32,128,34896,3,3.05152
564,32,128,34969,3,3.027968
565,32,1149,34903,3,5.535744
566,32,128,34984,3,3.081216
567,32,128,35051,3,3.062784
568,32,1101,35005,3,5.515264
569,32,128,35092,3,3.086336
570,32,128,35169,3,3.049472
571,32,128,35259,3,3.032064
572,32,1149,35207,3,5.538816
573,32,1149,35156,3,5.548032
574,32,128,35250,3,3.081216
575,32,1149,35207,3,5.500928
576,32,1149,35137,3,5.527552
577,32,1149,35068,3,5.548032
578,32,128,35159,3,3.075072
579,32,128,35245,3,3.054592
580,32,128,35324,3,3.034112
581,32,1149,35259,3,5.540864
582,32,128,35336,3,3.080192
583,32,2170,35163,3,8.270848
584,32,1149,35122,3,5.547008
585,32,128,35205,3,3.072
586,32,4212,34741,3,13.30688
587,32,128,34830,3,3.098624
588,32,2170,34661,3,8.339456
589,32,128,34747,3,3.096576
590,32,1149,34695,3,5.535744
591,32,1149,34635,3,5.545984
592,32,1149,34581,3,5.541888
593,32,1149,34520,3,5.543936
594,32,128,34593,3,3.076096
595,32,1149,34542,3,5.526528
596,32,1149,34479,3,5.527552
597,32,1149,34447,3,5.541888
598,32,1149,34397,3,5.537792
599,32,128,34472,3,3.076096
600,32,128,34551,3,3.053568
601,32,128,34624,3,3.023872
602,32,128,34708,3,3.027968
603,32,128,34790,3,3.034112
604,32,128,34875,3,3.019776
605,32,128,34958,3,3.017728
606,32,128,35033,3,3.018752
607,32,2170,34875,3,8.2688
608,32,1149,34826,3,5.542912
609,32,1149,34775,3,5.543936
610,32,128,34848,3,3.088384
611,32,128,34923,3,3.049472
612,32,128,34991,3,3.03616
613,32,1149,34935,3,5.543936
614,32,128,35013,3,3.089408
615,32,128,35087,3,3.063808
616,32,1149,35018,3,5.543936
617,32,2169,34836,3,8.274944
618,32,1149,34780,3,5.538816
619,32,128,34871,3,3.083264
620,32,1149,34816,3,5.533696
621,32,128,34898,3,3.081216
622,32,128,34979,3,3.039232
623,32,128,35061,3,3.034112
624,32,128,35136,3,3.033088
625,32,128,35208,3,3.03104
626,32,1149,35152,3,5.54496
627,32,2170,34978,3,8.272896
628,32,128,35066,3,3.07712
629,32,128,35157,3,3.049472
630,32,128,35233,3,3.033088
631,32,128,35311,3,3.035136
632,32,128,35391,3,3.038208
633,32,128,35469,3,3.014656
634,32,1149,35426,3,5.545984
635,32,1148,35362,3,5.535744
636,32,128,35436,3,3.078144
637,32,3191,35122,3,10.79296
638,32,1149,35059,3,5.547008
639,32,4212,34631,3,13.556736
640,32,128,34720,3,3.10272
641,32,128,34805,3,3.047424
642,32,1149,34747,3,5.55008
643,32,128,34820,3,3.064832
644,32,1149,34773,3,5.532672
645,32,128,34859,3,3.085312
646,32,128,34940,3,3.039232
647,32,128,35015,3,3.03616
648,32,2169,34819,3,8.25856
649,32,1132,34749,3,5.521408
650,32,128,34823,3,3.083264
651,32,128,34904,3,3.05664
652,32,128,34975,3,3.021824
653,32,128,35050,3,3.033088
654,32,2170,34865,3,8.272896
655,32,128,34956,3,3.083264
656,32,1149,34896,3,5.540864
657,32,1148,34834,3,5.53984
658,32,128,34917,3,3.091456
659,32,1149,34851,3,5.532672
660,32,1149,34801,3,5.545984
661,32,128,34887,3,3.09248
662,32,1149,34834,3,5.542912
663,32,1148,34776,3,5.52448
664,32,1149,34729,3,5.543936
665,32,128,34805,3,3.08736
666,32,128,34882,3,3.0464
667,32,1149,34841,3,5.540864
668,32,1149,34782,3,5.53984
669,32,128,34876,3,3.079168
670,32,128,34956,3,3.06176
671,32,1149,34902,3,5.5296
672,32,128,34980,3,3.072
673,32,3191,34672,3,10.788864
674,32,128,34746,3,3.213312
675,32,128,34837,3,3.059712
676,32,128,34912,3,3.038208
677,32,128,35000,3,3.03616
678,32,128,35073,3,3.030016
679,32,128,35151,3,3.017728
680,32,128,35220,3,3.022848
681,32,2170,35038,3,8.260608
682,32,128,35119,3,3.070976
683,32,1149,35074,3,5.545984
684,32,2170,34886,3,8.328192
685,32,128,34960,3,3.078144
686,32,1149,34898,3,5.541888
687,32,128,34980,3,3.08736
688,32,128,35060,3,3.05664
689,32,1148,35019,3,5.533696
690,32,2170,34841,3,8.348672
691,32,128,34913,3,3.101696
692,32,1149,34871,3,5.535744
693,32,2169,34683,3,8.259584
694,32,128,34757,3,3.090432
695,32,1149,34720,3,5.540864
696,32,128,34807,3,3.084288
697,32,128,34890,3,3.050496
698,32,1149,34832,3,5.542912
699,32,1149,34771,3,5.545984
700,32,128,34852,3,3.088384
701,32,128,34931,3,3.059712
702,32,1148,34891,3,5.525504
703,32,1149,34839,3,5.541888
704,32,128,34936,3,3.096576
705,32,1149,34887,3,5.540864
706,32,1149,34835,3,5.543936
707,32,128,34924,3,3.079168
708,32,128,35008,3,3.062784
709,32,128,35096,3,3.034112
710,32,1149,35049,3,5.547008
711,32,2170,34858,3,8.269824
712,32,128,34941,3,3.069952
713,32,128,35025,3,3.0464
714,32,1149,34978,3,5.547008
715,32,1149,34931,3,5.540864
716,32,1149,34889,3,5.540864
717,32,1148,34840,3,5.53472
718,32,1149,34781,3,5.538816
719,32,128,34849,3,3.074048
720,32,1149,34795,3,5.579776
721,32,128,34872,3,3.100672
722,32,1149,34816,3,5.538816
723,32,128,34918,3,3.085312
724,32,128,34992,3,3.053568
725,32,128,35079,3,3.034112
726,32,128,35150,3,3.033088
727,32,128,35219,3,3.03616
728,32,128,35303,3,3.0208
729,32,1149,35244,3,5.53984
730,32,1149,35185,3,5.540864
731,32,1148,35139,3,5.536768
732,32,1149,35080,3,5.542912
733,32,1149,35025,3,5.540864
734,32,1148,34980,3,5.543936
735,32,1149,34915,3,5.53984
736,32,128,34996,3,3.085312
737,32,128,35084,3,3.05152
738,32,128,35163,3,3.024896
739,32,1149,35105,3,5.584896
740,32,1149,35043,3,5.572608
741,32,1149,34992,3,5.53984
742,32,128,35072,3,3.081216
743,32,128,35154,3,3.063808
744,32,128,35237,3,3.03104
745,32,1149,35175,3,5.545984
746,32,128,35251,3,3.088384
747,32,3191,34910,3,10.783744
748,32,2170,34720,3,8.274944
749,32,128,34800,3,3.080192
750,32,1149,34761,3,5.541888
751,32,128,34840,3,3.085312
752,32,128,34927,3,3.048448
753,32,128,35000,3,3.03104
754,32,2170,34810,3,8.27904
755,32,1148,34754,3,5.535744
756,32,128,34842,3,3.068928
757,32,128,34913,3,3.048448
758,32,128,34991,3,3.030016
759,32,2169,34790,3,8.265728
760,32,128,34862,3,3.089408
761,32,128,34938,3,3.065856
762,32,128,35010,3,3.042304
763,32,128,35100,3,3.024896
764,32,1149,35037,3,5.566464
765,32,1149,34988,3,5.537792
766,32,3190,34686,3,10.780672
767,32,128,34763,3,3.075072
768,32,128,34852,3,3.05152
769,32,128,34918,3,3.040256
770,32,1149,34860,3,5.54496
771,32,128,34932,3,3.099648
772,32,128,35002,3,3.049472
773,32,1148,34959,3,5.526528
774,32,1149,34895,3,5.538816
775,32,128,34978,3,3.088384
776,32,128,35049,3,3.062784
777,32,1149,34971,3,5.533696
778,32,1149,34911,3,5.547008
779,32,128,34992,3,3.083264
780,32,128,35086,3,3.065856
781,32,2170,34908,3,8.267776
782,32,1149,34867,3,5.53984
783,32,128,34950,3,3.080192
784,32,128,35040,3,3.052544
785,32,128,35126,3,3.043328
786,32,128,35204,3,3.034112
787,32,1149,35147,3,5.533696
788,32,128,35243,3,3.086336
789,32,1149,35192,3,5.56032
790,32,1149,35132,3,5.54496
791,32,1149,35060,3,5.549056
792,32,128,35140,3,3.103744
793,32,1149,35091,3,5.543936
794,32,1149,35032,3,5.55008
795,32,1149,34982,3,5.540864
796,32,128,35065,3,3.072
797,32,1149,35011,3,5.540864
798,32,128,35087,3,3.085312
799,32,128,35177,3,3.06176
800,32,2170,34971,3,8.27904
801,32,1149,34917,3,5.537792
802,32,2170,34724,3,8.2688
803,32,956,34691,3,5.257216
804,32,128,34759,3,3.072
805,32,128,34835,3,3.045376
806,32,128,34913,3,3.027968
807,32,1149,34865,3,5.54496
808,32,128,34949,3,3.08736
809,32,1149,34900,3,5.53984
810,32,1149,34817,3,5.54496
811,32,128,34902,3,3.067904
812,32,128,34983,3,3.059712
813,32,128,35050,3,3.049472
814,32,1149,34982,3,5.548032
815,32,1149,34931,3,5.542912
816,32,1148,34891,3,5.537792
817,32,2169,34702,3,8.261632
818,32,1149,34642,3,5.542912
819,32,128,34734,3,3.090432
820,32,1149,34690,3,5.538816
821,32,128,34766,3,3.083264
822,32,128,34848,3,3.0464
823,32,128,34918,3,3.034112
824,32,128,35002,3,3.032064
825,32,128,35079,3,3.032064
826,32,1149,35021,3,5.576704
827,32,128,35115,3,3.084288
828,32,2170,34928,3,8.269824
829,32,128,35023,3,3.085312
830,32,1149,34962,3,5.54496
831,32,1149,34914,3,5.551104
832,32,128,34996,3,3.08224
833,32,2169,34806,3,8.254464
834,32,1149,34757,3,5.540864
835,32,1149,34716,3,5.586944
836,32,128,34801,3,3.091456
837,32,128,34872,3,3.05664
838,32,1149,34808,3,5.535744
839,32,128,34885,3,3.098624
840,32,1149,34830,3,5.538816
841,32,1149,34767,3,5.535744
842,32,128,34847,3,3.068928
843,32,128,34924,3,3.067904
844,32,1149,34882,3,5.537792
845,32,1149,34830,3,5.548032
846,32,1149,34781,3,5.540864
847,32,1149,34739,3,5.526528
848,32,128,34817,3,3.076096
849,32,1149,34769,3,5.530624
850,32,128,34850,3,3.085312
851,32,128,34932,3,3.04128
852,32,1149,34883,3,5.538816
853,32,1149,34835,3,5.547008
854,32,128,34922,3,3.08224
855,32,128,35004,3,3.05152
856,32,1149,34934,3,5.533696
857,32,128,35018,3,3.088384
858,32,128,35115,3,3.063808
859,32,128,35184,3,3.047424
860,32,1149,35125,3,5.53984
861,32,128,35213,3,3.072
862,32,128,35286,3,3.058688
863,32,1149,35219,3,5.542912
864,32,1149,35159,3,5.547008
865,32,128,35241,3,3.101696
866,32,1149,35169,3,5.540864
867,32,1149,35135,3,5.547008
868,32,128,35216,3,3.079168
869,32,128,35294,3,3.06176
870,32,2170,35126,3,8.290304
871,32,1149,35078,3,5.552128
872,32,4211,34614,3,13.417472
873,32,128,34701,3,3.081216
874,32,1149,34651,3,5.540864
875,32,128,34724,3,3.080192
876,32,128,34806,3,3.05664
877,32,128,34890,3,3.045376
878,32,128,34964,3,3.045376
879,32,128,35050,3,3.016704
880,32,1149,34997,3,5.548032
881,32,128,35078,3,3.086336
882,32,128,35151,3,3.062784
883,32,2170,34945,3,8.266752
884,32,128,35035,3,3.081216
885,32,128,35117,3,3.049472
886,32,1149,35064,3,5.542912
887,32,1149,35013,3,5.54496
888,32,128,35095,3,3.08736
889,32,128,35167,3,3.034112
890,32,1149,35093,3,5.538816
891,32,128,35174,3,3.09248
892,32,128,35245,3,3.057664
893,32,1149,35191,3,5.537792
894,32,1149,35140,3,5.53984
895,32,128,35213,3,3.094528
896,32,2170,34993,3,8.278016
897,32,1149,34934,3,5.584896
898,32,128,35022,3,3.093504
899,32,2169,34839,3,8.260608
900,32,3191,34524,3,10.785792
901,32,128,34602,3,3.091456
902,32,1149,34524,3,5.535744
903,32,128,34604,3,3.067904
904,32,128,34676,3,3.047424
905,32,1149,34616,3,5.545984
906,32,128,34694,3,3.079168
907,32,128,34769,3,3.05152
908,32,1149,34722,3,5.532672
909,32,128,34801,3,3.076096
910,32,128,34886,3,3.055616
911,32,128,34965,3,3.048448
912,32,128,35057,3,3.034112
913,32,2169,34880,3,8.274944
914,32,1149,34812,3,5.535744
915,32,128,34893,3,3.07712
916,32,128,34977,3,3.055616
917,32,1149,34932,3,5.543936
918,32,128,35019,3,3.081216
919,32,128,35102,3,3.065856
920,32,1149,35062,3,5.53472
921,32,128,35148,3,3.080192
922,32,1149,35083,3,5.538816
923,32,1149,35034,3,5.540864
924,32,1148,34963,3,5.532672
925,32,128,35031,3,3.085312
926,32,128,35104,3,3.06176
927,32,128,35172,3,3.037184
928,32,128,35253,3,3.039232
929,32,1149,35178,3,5.582848
930,32,1149,35114,3,5.543936
931,32,1149,35032,3,5.53472
932,32,128,35119,3,3.081216
933,32,1149,35057,3,5.618688
934,32,1148,35010,3,5.53984
935,32,1148,34954,3,5.531648
936,32,1149,34909,3,5.531648
937,32,128,34983,3,3.083264
938,32,128,35077,3,3.052544
939,32,128,35156,3,3.033088
940,32,1149,35083,3,5.583872
941,32,128,35161,3,3.073024
942,32,1149,35098,3,5.556224
943,32,1149,35053,3,5.531648
944,32,128,35134,3,3.08224
945,32,128,35221,3,3.057664
946,32,4212,34791,3,13.417472
947,32,128,34878,3,3.096576
948,32,128,34970,3,3.055616
949,32,2170,34783,3,8.338432
950,32,1149,34744,3,5.533696
951,32,128,34831,3,3.081216
952,32,128,34908,3,3.062784
953,32,128,34981,3,3.037184
954,32,128,35060,3,3.042304
955,32,2169,34867,3,8.254464
956,32,128,34946,3,3.081216
957,32,128,35040,3,3.043328
958,32,3191,34724,3,10.789888
959,32,128,34812,3,3.084288
960,32,1149,34771,3,5.538816
961,32,1133,34718,3,5.528576
962,32,128,34799,3,3.074048
963,32,128,34892,3,3.05664
964,32,1149,34841,3,5.55008
965,32,1149,34789,3,5.581824
966,32,1149,34745,3,5.542912
967,32,128,34839,3,3.08224
968,32,128,34927,3,3.049472
969,32,1149,34877,3,5.538816
970,32,128,34952,3,3.090432
971,32,128,35047,3,3.055616
972,32,1149,34998,3,5.543936
973,32,1149,34926,3,5.530624
974,32,1149,34876,3,5.538816
975,32,128,34949,3,3.094528
976,32,128,35032,3,3.068928
977,32,128,35107,3,3.045376
978,32,128,35191,3,3.035136
979,32,2170,34986,3,8.280064
980,32,128,35061,3,3.085312
981,32,2169,34870,3,8.264704
982,32,1149,34787,3,5.552128
983,32,1149,34743,3,5.583872
984,32,128,34823,3,3.099648
985,32,128,34895,3,3.076096
986,32,128,34963,3,3.05152
987,32,1148,34924,3,5.533696
988,32,1149,34882,3,5.545984
989,32,128,34965,3,3.093504
990,32,128,35045,3,3.058688
991,32,1149,34994,3,5.528576
992,32,1149,34934,3,5.538816
993,32,1149,34883,3,5.55008
994,32,128,34953,3,3.083264
995,32,128,35040,3,3.05664
996,32,1149,34979,3,5.540864
997,32,128,35049,3,3.093504
998,32,128,35136,3,3.063808
999,32,128,35214,3,3.048448
1000,32,128,35302,3,3.037184
1001,32,1149,35257,3,5.552128
1002,32,1148,35188,3,5.540864
1003,32,128,35278,3,3.091456
1004,32,1149,35223,3,5.53984
1005,32,1149,35183,3,5.549056
1006,32,1149,35121,3,5.547008
1007,32,3175,34808,3,10.873856
1008,32,2170,34651,3,8.393728
1009,32,128,34744,3,3.110912
1010,32,1149,34704,3,5.528576
1011,32,1149,34635,3,5.540864
1012,32,1149,34585,3,5.543936
1013,32,128,34660,3,3.090432
1014,32,1149,34592,3,5.535744
1015,32,128,34672,3,3.076096
1016,32,128,34753,3,3.060736
1017,32,128,34820,3,3.045376
1018,32,1149,34754,3,5.566464
1019,32,128,34833,3,3.135488
1020,32,128,34923,3,3.060736
1021,32,128,35014,3,3.022848
1022,32,128,35079,3,3.04128
1023,32,2170,34874,3,8.259584
1024,32,128,34949,3,3.05152
1025,32,1149,34922,3,5.535744
1026,32,1149,34861,3,5.533696
1027,32,128,34936,3,3.083264
1028,32,128,35017,3,3.052544
1029,32,1149,34952,3,5.538816
1030,32,1149,34913,3,5.533696
1031,32,128,34982,3,3.100672
1032,32,128,35059,3,3.064832
1033,32,3189,34744,3,11.097088
1034,32,128,34824,3,3.111936
1035,32,128,34916,3,3.065856
1036,32,1149,34874,3,5.552128
1037,32,128,34955,3,3.0976
1038,32,1148,34888,3,5.52448
1039,32,128,34962,3,3.090432
1040,32,1149,34886,3,5.545984
1041,32,128,34962,3,3.088384
1042,32,128,35042,3,3.05152
1043,32,1149,34984,3,5.543936
1044,32,1149,34935,3,5.540864
1045,32,1149,34873,3,5.547008
1046,32,128,34959,3,3.074048
1047,32,128,35033,3,3.085312
1048,32,128,35110,3,3.044352
1049,32,128,35180,3,3.032064
1050,32,128,35258,3,3.028992
1051,32,128,35326,3,3.034112
1052,32,128,35392,3,3.035136
1053,32,2169,35213,3,8.269824
1054,32,1148,35163,3,5.527552
1055,32,128,35250,3,3.10272
1056,32,3191,34918,3,10.774528
1057,32,2170,34748,3,8.272896
1058,32,1149,34705,3,5.588992
1059,32,128,34790,3,3.085312
1060,32,128,34864,3,3.060736
1061,32,1149,34801,3,5.619712
1062,32,1149,34735,3,5.538816
1063,32,128,34803,3,3.083264
1064,32,1149,34751,3,5.545984
1065,32,128,34827,3,3.088384
1066,32,128,34906,3,3.058688
1067,32,1149,34856,3,5.538816
1068,32,128,34935,3,3.084288
1069,32,2170,34736,3,8.259584
1070,32,1149,34689,3,5.541888
1071,32,1149,34637,3,5.535744
1072,32,128,34707,3,3.08224
1073,32,128,34780,3,3.045376
1074,32,128,34852,3,3.03104
1075,32,1149,34801,3,5.541888
1076,32,128,34867,3,3.076096
1077,32,128,34934,3,3.053568
1078,32,1149,34891,3,5.527552
1079,32,128,34973,3,3.081216
1080,32,1149,34929,3,5.53984
1081,32,1149,34872,3,5.540864
1082,32,2170,34686,3,8.264704
1083,32,1149,34652,3,5.541888
1084,32,128,34740,3,3.080192
1085,32,1149,34680,3,5.537792
1086,32,128,34756,3,3.088384
1087,32,128,34833,3,3.047424
1088,32,2169,34653,3,8.261632
1089,32,128,34737,3,3.080192
1090,32,128,34824,3,3.063808
1091,32,128,34901,3,3.042304
1092,32,128,34983,3,3.034112
1093,32,128,35050,3,3.026944
1094,32,1148,34990,3,5.521408
1095,32,128,35078,3,3.080192
1096,32,128,35160,3,3.05664
1097,32,128,35244,3,3.035136
1098,32,128,35318,3,3.038208
1099,32,2169,35134,3,8.27392
1100,32,128,35219,3,3.099648
1101,32,1149,35159,3,5.535744
1102,32,128,35242,3,3.083264
1103,32,128,35328,3,3.048448
1104,32,1149,35270,3,5.556224
1105,32,1149,35225,3,5.537792
1106,32,128,35300,3,3.088384
1107,32,128,35394,3,3.064832
1108,32,1149,35334,3,5.595136
1109,32,2170,35141,3,8.264704
1110,32,128,35231,3,3.08224
1111,32,2170,35060,3,8.278016
1112,32,2170,34881,3,8.271872
1113,32,2170,34702,3,8.266752
1114,32,128,34780,3,3.091456
1115,32,1149,34710,3,5.525504
1116,32,128,34785,3,3.094528
1117,32,128,34867,3,3.058688
1118,32,128,34934,3,3.032064
1119,32,1149,34882,3,5.561344
1120,32,128,34959,3,3.08224
1121,32,128,35051,3,3.049472
1122,32,1149,34986,3,5.536768
1123,32,2169,34814,3,8.265728
1124,32,1149,34753,3,5.54496
1125,32,128,34831,3,3.094528
1126,32,1149,34767,3,5.537792
1127,32,128,34835,3,3.08224
1128,32,2170,34657,3,8.2688
1129,32,128,34721,3,3.070976
1130,32,128,34806,3,3.050496
1131,32,1149,34767,3,5.581824
1132,32,128,34839,3,3.091456
1133,32,128,34926,3,3.065856
1134,32,128,34996,3,3.0464
1135,32,1149,34947,3,5.53984
1136,32,1149,34895,3,5.54496
1137,32,128,34969,3,3.07712
1138,32,128,35050,3,3.059712
1139,32,3191,34700,3,10.776576
1140,32,128,34794,3,3.099648
1141,32,128,34884,3,3.045376
1142,32,1149,34834,3,5.545984
1143,32,1149,34788,3,5.54496
1144,32,128,34881,3,3.083264
1145,32,128,34964,3,3.05664
1146,32,1149,34917,3,5.537792
1147,32,128,35002,3,3.085312
1148,32,128,35081,3,3.058688
1149,32,128,35150,3,3.052544
1150,32,128,35227,3,3.037184
1151,32,1149,35142,3,5.53472
1152,32,128,35216,3,3.089408
1153,32,128,35285,3,3.054592
1154,32,1148,35209,3,5.526528
1155,32,2170,35034,3,8.272896
1156,32,128,35113,3,3.084288
1157,32,1149,35053,3,5.53984
1158,32,128,35134,3,3.086336
1159,32,1149,35080,3,5.540864
1160,32,128,35161,3,3.081216
1161,32,128,35243,3,3.05664
1162,32,2169,35058,3,8.25856
1163,32,128,35140,3,3.083264
1164,32,1149,35073,3,5.535744
1165,32,128,35148,3,3.083264
1166,32,1149,35096,3,5.571584
1167,32,128,35190,3,3.08736
1168,32,128,35266,3,3.063808
1169,32,128,35344,3,3.052544
1170,32,1149,35281,3,5.548032
1171,32,1149,35240,3,5.536768
1172,32,2170,35032,3,8.278016
1173,32,1149,34973,3,5.553152
1174,32,2154,34780,3,8.270848
1175,32,128,34864,3,3.08224
1176,32,1149,34831,3,5.541888
1177,32,1149,34771,3,5.535744
1178,32,3191,34442,3,10.788864
1179,32,128,34519,3,3.076096
1180,32,128,34598,3,3.057664
1181,32,128,34680,3,3.033088
1182,32,1149,34625,3,5.540864
1183,32,128,34709,3,3.081216
1184,32,1149,34640,3,5.523456
1185,32,128,34715,3,3.072
1186,32,128,34799,3,3.058688
1187,32,128,34861,3,3.048448
1188,32,1149,34803,3,5.531648
1189,32,1149,34760,3,5.53984
1190,32,1149,34701,3,5.542912
1191,32,128,34792,3,3.068928
1192,32,128,34869,3,3.038208
1193,32,128,34955,3,3.050496
1194,32,3191,34661,3,10.77248
1195,32,128,34742,3,3.09248
1196,32,1149,34697,3,5.536768
1197,32,128,34773,3,3.079168
1198,32,128,34847,3,3.057664
1199,32,128,34924,3,3.0464
1200,32,1149,34869,3,5.542912
1201,32,128,34948,3,3.08224
1202,32,128,35017,3,3.052544
1203,32,128,35102,3,3.038208
1204,32,1149,35056,3,5.577728
1205,32,128,35143,3,3.099648
1206,32,128,35220,3,3.052544
1207,32,1149,35171,3,5.538816
1208,32,1149,35109,3,5.536768
1209,32,1149,35067,3,5.543936
1210,32,128,35136,3,3.079168
1211,32,128,35214,3,3.053568
1212,32,128,35286,3,3.040256
1213,32,1149,35240,3,5.540864
1214,32,2170,35067,3,8.270848
1215,32,128,35157,3,3.083264
1216,32,1148,35086,3,5.577728
1217,32,2169,34899,3,8.34048
1218,32,128,34978,3,3.120128
1219,32,128,35061,3,3.05152
1220,32,128,35131,3,3.050496
1221,32,128,35213,3,3.034112
1222,32,128,35286,3,3.028992
1223,32,1149,35235,3,5.545984
1224,32,1149,35184,3,5.53472
1225,32,128,35271,3,3.08224
1226,32,1149,35218,3,5.552128
1227,32,1149,35162,3,5.548032
1228,32,2170,34986,3,8.276992
1229,32,2170,34812,3,8.267776
1230,32,128,34896,3,3.080192
1231,32,1149,34834,3,5.582848
1232,32,1149,34771,3,5.576704
1233,32,128,34848,3,3.098624
1234,32,1149,34795,3,5.541888
1235,32,2170,34630,3,8.28416
1236,32,2170,34427,3,8.262656
1237,32,128,34504,3,3.07712
1238,32,1149,34453,3,5.531648
1239,32,128,34526,3,3.073024
1240,32,128,34600,3,3.059712
1241,32,2170,34416,3,8.257536
1242,32,128,34504,3,3.08224
1243,32,128,34593,3,3.049472
1244,32,1149,34534,3,5.537792
1245,32,128,34598,3,3.080192
1246,32,1149,34548,3,5.537792
1247,32,128,34625,3,3.080192
1248,32,128,34713,3,3.053568
1249,32,128,34791,3,3.04128
1250,32,1149,34737,3,5.531648
1251,32,1149,34682,3,5.540864
1252,32,128,34763,3,3.085312
1253,32,128,34847,3,3.044352
1254,32,128,34907,3,3.033088
1255,32,1149,34863,3,5.538816
1256,32,128,34936,3,3.088384
1257,32,128,35026,3,3.059712
1258,32,128,35100,3,3.043328
1259,32,1149,35065,3,5.538816
1260,32,128,35131,3,3.099648
1261,32,128,35213,3,3.0464
1262,32,128,35293,3,3.0464
1263,32,1149,35234,3,5.526528
1264,32,2170,35044,3,8.28416
1265,32,1149,35005,3,5.545984
1266,32,1149,34962,3,5.528576
1267,32,128,35032,3,3.079168
1268,32,128,35104,3,3.052544
1269,32,1149,35041,3,5.548032
1270,32,1149,34991,3,5.545984
1271,32,1148,34940,3,5.53984
1272,32,1149,34881,3,5.595136
1273,32,1149,34840,3,5.579776
1274,32,128,34912,3,3.080192
1275,32,128,34987,3,3.060736
1276,32,128,35071,3,3.048448
1277,32,128,35162,3,3.050496
1278,32,1149,35112,3,5.541888
1279,32,128,35189,3,3.085312
1280,32,2170,35020,3,8.269824
1281,32,128,35099,3,3.081216
1282,32,128,35180,3,3.055616
1283,32,128,35256,3,3.03616
1284,32,2169,35075,3,8.256512
1285,32,2170,34894,3,8.275968
1286,32,1149,34846,3,5.54496
1287,32,1148,34802,3,5.571584
1288,32,2170,34615,3,8.347648
1289,32,1149,34550,3,5.538816
1290,32,128,34631,3,3.079168
1291,32,1149,34555,3,5.634048
1292,32,1149,34512,3,5.58592
1293,32,128,34590,3,3.078144
1294,32,1149,34547,3,5.540864
1295,32,128,34621,3,3.08224
1296,32,128,34705,3,3.059712
1297,32,1148,34656,3,5.528576
1298,32,128,34733,3,3.084288
1299,32,2170,34560,3,8.265728
1300,32,128,34640,3,3.096576
1301,32,1148,34592,3,5.526528
1302,32,128,34680,3,3.076096
1303,32,128,34761,3,3.049472
1304,32,128,34828,3,3.043328
1305,32,1149,34783,3,5.547008
1306,32,128,34868,3,3.075072
1307,32,128,34952,3,3.057664
1308,32,128,35031,3,3.03616
1309,32,128,35108,3,3.040256
1310,32,128,35177,3,3.030016
1311,32,128,35257,3,3.03616
1312,32,128,35349,3,3.022848
1313,32,128,35408,3,3.026944
1314,32,128,35482,3,3.038208
1315,32,128,35568,3,3.04128
1316,32,2170,35367,3,8.269824
1317,32,1149,35317,3,5.553152
1318,32,2170,35123,3,8.27904
1319,32,2170,34935,3,8.3456
1320,32,1148,34875,3,5.5296
1321,32,1149,34824,3,5.63712
1322,32,128,34894,3,3.113984
1323,32,128,34971,3,3.062784
1324,32,128,35048,3,3.05152
1325,32,1149,34967,3,5.547008
1326,32,1148,34909,3,5.52448
1327,32,128,34998,3,3.098624
1328,32,2169,34794,3,8.262656
1329,32,128,34880,3,3.094528
1330,32,1149,34830,3,5.533696
1331,32,128,34914,3,3.078144
1332,32,128,34998,3,3.053568
1333,32,1149,34948,3,5.540864
1334,32,128,35023,3,3.084288
1335,32,128,35107,3,3.05152
1336,32,1149,35066,3,5.55008
1337,32,128,35150,3,3.083264
1338,32,1148,35087,3,5.577728
1339,32,2169,34899,3,8.269824
1340,32,128,34969,3,3.09248
1341,32,1149,34930,3,5.55008
1342,32,3191,34599,3,10.78784
1343,32,1149,34550,3,5.527552
1344,32,2170,34371,3,8.266752
1345,32,128,34445,3,3.083264
1346,32,128,34533,3,3.048448
1347,32,128,34617,3,3.026944
1348,32,128,34688,3,3.027968
1349,32,1149,34640,3,5.543936
1350,32,128,34717,3,3.098624
1351,32,3191,34392,3,10.780672
1352,32,128,34475,3,3.099648
1353,32,128,34554,3,3.05152
1354,32,128,34621,3,3.043328
1355,32,1149,34554,3,5.578752
1356,32,128,34636,3,3.0976
1357,32,128,34711,3,3.047424
1358,32,128,34788,3,3.0464
1359,32,128,34854,3,3.034112
1360,32,1132,34803,3,5.51936
1361,32,128,34894,3,3.080192
1362,32,128,34966,3,3.0464
1363,32,128,35043,3,3.048448
1364,32,128,35126,3,3.035136
1365,32,128,35210,3,3.032064
1366,32,128,35288,3,3.032064
1367,32,1149,35246,3,5.581824
1368,32,128,35320,3,3.078144
1369,32,128,35404,3,3.060736
1370,32,128,35482,3,3.053568
1371,32,128,35553,3,3.052544
1372,32,1149,35484,3,5.543936
1373,32,128,35549,3,3.078144
1374,32,1149,35496,3,5.55008
1375,32,2170,35313,3,8.267776
1376,32,128,35384,3,3.105792
1377,32,128,35473,3,3.073024
1378,32,1149,35397,3,5.562368
1379,32,128,35475,3,3.081216
1380,32,128,35548,3,3.063808
1381,32,4212,35051,3,13.559808
1382,32,1148,35008,3,5.541888
1383,32,2169,34813,3,8.257536
1384,32,128,34902,3,3.081216
1385,32,1149,34854,3,5.532672
1386,32,128,34936,3,3.075072
1387,32,1149,34880,3,5.536768
1388,32,128,34964,3,3.080192
1389,32,1149,34906,3,5.533696
1390,32,128,34992,3,3.099648
1391,32,128,35071,3,3.053568
1392,32,1149,35009,3,5.559296
1393,32,1149,34941,3,5.542912
1394,32,1149,34892,3,5.54496
1395,32,1149,34827,3,5.548032
1396,32,128,34911,3,3.088384
1397,32,3191,34580,3,10.784768
1398,32,128,34666,3,3.103744
1399,32,1149,34626,3,5.579776
1400,32,1149,34556,3,5.541888
1401,32,128,34639,3,3.074048
1402,32,128,34725,3,3.060736
1403,32,128,34801,3,3.048448
1404,32,128,34866,3,3.03616
1405,32,3189,34541,3,10.764288
1406,32,2170,34376,3,8.339456
1407,32,128,34457,3,3.084288
1408,32,128,34527,3,3.05664
1409,32,128,34606,3,3.042304
1410,32,1149,34547,3,5.527552
1411,32,128,34625,3,3.09248
1412,32,1149,34566,3,5.527552
1413,32,128,34649,3,3.08224
1414,32,128,34729,3,3.047424
1415,32,1149,34680,3,5.53984
1416,32,128,34758,3,3.095552
1417,32,128,34835,3,3.054592
1418,32,128,34920,3,3.024896
1419,32,128,35011,3,3.037184
1420,32,128,35090,3,3.034112
1421,32,128,35171,3,3.02592
1422,32,128,35251,3,3.03104
1423,32,128,35331,3,3.038208
1424,32,128,35406,3,3.034112
1425,32,128,35466,3,3.043328
1426,32,128,35539,3,3.030016
1427,32,128,35611,3,3.038208
1428,32,1149,35552,3,5.590016
1429,32,128,35621,3,3.110912
1430,32,1149,35568,3,5.549056
1431,32,2170,35384,3,8.276992
1432,32,128,35466,3,3.091456
1433,32,2170,35278,3,8.267776
1434,32,1148,35205,3,5.579776
1435,32,128,35293,3,3.084288
1436,32,1149,35241,3,5.581824
1437,32,128,35329,3,3.101696
1438,32,128,35408,3,3.067904
1439,32,2170,35210,3,8.274944
1440,32,1149,35160,3,5.543936
1441,32,1149,35082,3,5.545984
1442,32,1149,35047,3,5.540864
1443,32,128,35133,3,3.088384
1444,32,128,35207,3,3.06176
1445,32,1149,35144,3,5.531648
1446,32,128,35217,3,3.086336
1447,32,3191,34909,3,10.796032
1448,32,3191,34611,3,10.783744
1449,32,128,34695,3,3.099648
1450,32,2170,34491,3,8.31488
1451,32,1149,34434,3,5.540864
1452,32,1149,34392,3,5.541888
1453,32,1148,34319,3,5.530624
1454,32,128,34398,3,3.086336
1455,32,128,34475,3,3.050496
1456,32,1149,34431,3,5.538816
1457,32,128,34506,3,3.08736
1458,32,128,34587,3,3.063808
1459,32,1149,34543,3,5.542912
1460,32,1149,34480,3,5.541888
1461,32,128,34567,3,3.10272
1462,32,3191,34256,3,10.779648
1463,32,128,34334,3,3.070976
1464,32,128,34415,3,3.05664
1465,32,128,34495,3,3.035136
1466,32,128,34571,3,3.027968
1467,32,128,34640,3,3.034112
1468,32,128,34702,3,3.027968
1469,32,128,34773,3,3.034112
1470,32,128,34852,3,3.040256
1471,32,128,34923,3,3.030016
1472,32,128,34998,3,3.028992
1473,32,1149,34939,3,5.527552
1474,32,128,35024,3,3.084288
1475,32,128,35103,3,3.054592
1476,32,128,35179,3,3.050496
1477,32,128,35248,3,3.030016
1478,32,2170,35064,3,8.265728
1479,32,128,35137,3,3.081216
1480,32,128,35216,3,3.050496
1481,32,1149,35187,3,5.543936
1482,32,128,35272,3,3.093504
1483,32,1148,35227,3,5.526528
1484,32,1149,35195,3,5.551104
1485,32,128,35281,3,3.085312
1486,32,1148,35226,3,5.579776
1487,32,128,35302,3,3.090432
1488,32,128,35376,3,3.060736
1489,32,1149,35319,3,5.542912
1490,32,128,35392,3,3.08736
1491,32,128,35469,3,3.064832
1492,32,1149,35428,3,5.541888
1493,32,2170,35252,3,8.269824
1494,32,128,35322,3,3.0976
1495,32,2170,35134,3,8.271872
1496,32,128,35217,3,3.086336
1497,32,2170,35031,3,8.271872
1498,32,1149,34982,3,5.54496
1499,32,128,35067,3,3.100672
1500,32,128,35142,3,3.05664
1501,32,3191,34842,3,10.788864
1502,32,1149,34807,3,5.558272
1503,32,128,34883,3,3.081216
1504,32,2168,34671,3,8.254464
1505,32,2170,34452,3,8.261632
1506,32,1149,34416,3,5.532672
1507,32,1149,34370,3,5.542912
1508,32,1149,34318,3,5.590016
1509,32,1149,34277,3,5.549056
1510,32,128,34356,3,3.101696
1511,32,1149,34286,3,5.531648
1512,32,128,34357,3,3.085312
1513,32,128,34431,3,3.040256
1514,32,128,34510,3,3.04128
1515,32,128,34594,3,3.04128
1516,32,128,34675,3,3.032064
1517,32,128,34747,3,3.023872
1518,32,1149,34687,3,5.532672
1519,32,128,34769,3,3.085312
1520,32,128,34839,3,3.053568
1521,32,1149,34777,3,5.543936
1522,32,128,34858,3,3.08736
1523,32,1149,34811,3,5.542912
1524,32,128,34889,3,3.069952
1525,32,128,34969,3,3.06176
1526,32,1149,34904,3,5.540864
1527,32,128,34988,3,3.08224
1528,32,128,35057,3,3.045376
1529,32,128,35133,3,3.050496
1530,32,128,35210,3,3.038208
1531,32,1149,35148,3,5.530624
1532,32,128,35229,3,3.07712
1533,32,128,35308,3,3.052544
1534,32,1149,35267,3,5.5808
1535,32,128,35333,3,3.096576
1536,32,128,35412,3,3.060736
1537,32,128,35490,3,3.05152
1538,32,1149,35438,3,5.540864
1539,32,1149,35390,3,5.54496
1540,32,1148,35337,3,5.5296
1541,32,1149,35290,3,5.53984
1542,32,128,35369,3,3.098624
1543,32,1149,35325,3,5.567488
1544,32,128,35404,3,3.090432
1545,32,1149,35351,3,5.583872
1546,32,1149,35308,3,5.55008
1547,32,3190,34990,3,10.9824
1548,32,128,35067,3,3.11296
1549,32,128,35149,3,3.06176
1550,32,128,35220,3,3.03616
1551,32,1149,35192,3,5.54496
1552,32,128,35259,3,3.081216
1553,32,128,35344,3,3.059712
1554,32,1149,35278,3,5.551104
1555,32,1149,35213,3,5.543936
1556,32,1149,35159,3,5.547008
1557,32,4211,34672,3,13.298688
1558,32,4211,34235,3,13.548544
1559,32,128,34323,3,3.090432
1560,32,128,34408,3,3.063808
1561,32,2170,34210,3,8.250368
1562,32,128,34296,3,3.091456
1563,32,1149,34243,3,5.535744
1564,32,128,34318,3,3.072
1565,32,128,34377,3,3.045376
1566,32,1149,34318,3,5.542912
1567,32,1149,34282,3,5.545984
1568,32,128,34365,3,3.070976
1569,32,1149,34325,3,5.523456
1570,32,128,34407,3,3.083264
1571,32,128,34491,3,3.059712
1572,32,128,34568,3,3.037184
1573,32,128,34635,3,3.048448
1574,32,128,34710,3,3.032064
1575,32,1148,34650,3,5.51936
1576,32,1149,34606,3,5.532672
1577,32,128,34690,3,3.09248
1578,32,128,34778,3,3.067904
1579,32,128,34861,3,3.054592
1580,32,128,34949,3,3.035136
1581,32,128,35026,3,3.030016
1582,32,128,35097,3,3.040256
1583,32,128,35173,3,3.038208
1584,32,128,35261,3,3.033088
