step,sched_reqs,sched_tokens,batch,num_query_tokens,sum_seq_len,num_spec_tokens,draft_ms,target_fwd_ms,n_target_fwd,exec_ms,sample_ms,step_ms
0,192,384,-1,-1,-1,-1,-1,46.173183,1,5176.472656,18114.419922,23290.892578
1,192,192,-1,-1,-1,-1,-1,26.569729,1,28.528641,9.366528,37.895168
2,1,513,-1,-1,-1,-1,-1,-1,0,60.402687,2.689024,63.091711
3,18,8192,-1,-1,-1,-1,-1,-1,0,529.385498,0.87552,530.261018
4,34,8192,-1,-1,-1,-1,-1,-1,0,487.549957,0.892928,488.442885
5,51,8192,-1,-1,-1,-1,-1,-1,0,494.921722,0.915456,495.837178
6,67,8192,-1,-1,-1,-1,-1,-1,0,496.4823,0.964608,497.446908
7,84,8192,-1,-1,-1,-1,-1,-1,0,501.226501,0.987136,502.213637
8,100,8192,-1,-1,-1,-1,-1,-1,0,503.921661,1.012736,504.934397
9,116,8192,-1,-1,-1,-1,-1,-1,0,509.281281,1.033216,510.314497
10,132,8192,-1,-1,-1,-1,-1,-1,0,511.687683,1.34656,513.034243
11,149,8192,-1,-1,-1,-1,-1,-1,0,517.217285,1.357824,518.575109
12,165,8192,-1,-1,-1,-1,-1,-1,0,520.155151,1.389568,521.544719
13,181,8192,-1,-1,-1,-1,-1,-1,0,524.082153,1.396736,525.478889
14,192,5874,-1,-1,-1,-1,-1,-1,0,386.820099,1.426432,388.246531
15,192,192,-1,-1,-1,-1,-1,30.649343,1,30.710785,1.425408,32.136193
16,192,192,-1,-1,-1,-1,-1,30.633984,1,30.685184,1.425408,32.110592
17,192,192,-1,-1,-1,-1,-1,29.5168,1,29.564928,1.354752,30.91968
18,192,192,-1,-1,-1,-1,-1,29.190144,1,29.259775,1.358848,30.618623
19,192,192,-1,-1,-1,-1,-1,29.235201,1,29.306881,1.354752,30.661633
20,192,192,-1,-1,-1,-1,-1,29.25568,1,29.325312,1.352704,30.678016
21,192,192,-1,-1,-1,-1,-1,29.263872,1,29.329409,1.357824,30.687233
22,192,192,-1,-1,-1,-1,-1,29.235201,1,29.306881,1.358848,30.665729
23,192,192,-1,-1,-1,-1,-1,29.217793,1,29.289473,1.350656,30.640129
24,192,192,-1,-1,-1,-1,-1,29.24544,1,29.316095,1.353728,30.669823
25,192,192,-1,-1,-1,-1,-1,29.25568,1,29.326336,1.358848,30.685184
26,192,192,-1,-1,-1,-1,-1,29.253632,1,29.326336,1.3568,30.683136
27,192,192,-1,-1,-1,-1,-1,29.273088,1,29.337601,1.354752,30.692353
28,192,192,-1,-1,-1,-1,-1,29.263872,1,29.334528,1.359872,30.6944
29,192,687,-1,-1,-1,-1,-1,-1,0,86.049789,1.378304,87.428093
30,192,1184,-1,-1,-1,-1,-1,-1,0,115.788803,1.385472,117.174275
31,192,2176,-1,-1,-1,-1,-1,-1,0,171.192322,1.403904,172.596226
32,192,1184,-1,-1,-1,-1,-1,-1,0,117.090302,1.386496,118.476797
33,192,4655,-1,-1,-1,-1,-1,-1,0,329.51297,1.412096,330.925066
34,192,3166,-1,-1,-1,-1,-1,-1,0,230.630402,1.411072,232.041474
35,192,6144,-1,-1,-1,-1,-1,-1,0,408.809479,1.411072,410.220551
36,192,5646,-1,-1,-1,-1,-1,-1,0,386.463745,1.415168,387.878913
37,192,7615,-1,-1,-1,-1,-1,-1,0,492.675079,1.424384,494.099463
38,192,5152,-1,-1,-1,-1,-1,-1,0,362.149902,1.408,363.557902
39,192,6639,-1,-1,-1,-1,-1,-1,0,433.367035,1.429504,434.796539
40,191,8192,-1,-1,-1,-1,-1,-1,0,528.861206,1.41312,530.274326
41,192,7033,-1,-1,-1,-1,-1,-1,0,466.849792,1.414144,468.263937
42,192,8125,-1,-1,-1,-1,-1,-1,0,528.313354,1.431552,529.744907
43,192,7630,-1,-1,-1,-1,-1,-1,0,493.714447,1.43872,495.153167
44,192,7085,-1,-1,-1,-1,-1,-1,0,469.376007,1.420288,470.796295
45,192,4160,-1,-1,-1,-1,-1,-1,0,296.226807,1.412096,297.638903
46,192,5151,-1,-1,-1,-1,-1,-1,0,362.478607,1.412096,363.890703
47,192,1183,-1,-1,-1,-1,-1,-1,0,116.572159,1.389568,117.961727
48,192,688,-1,-1,-1,-1,-1,-1,0,86.373375,1.389568,87.762943
49,192,1680,-1,-1,-1,-1,-1,-1,0,150.505478,1.405952,151.91143
50,192,2176,-1,-1,-1,-1,-1,-1,0,171.51796,1.410048,172.928008
51,192,688,-1,-1,-1,-1,-1,-1,0,87.147522,1.39776,88.545282
52,192,192,-1,-1,-1,-1,-1,30.006271,1,30.070784,1.378304,31.449088
53,192,192,-1,-1,-1,-1,-1,29.694977,1,29.767679,1.368064,31.135743
54,192,688,-1,-1,-1,-1,-1,-1,0,86.21875,1.39264,87.61139
55,192,192,-1,-1,-1,-1,-1,30.016512,1,30.091265,1.3824,31.473665
56,192,192,-1,-1,-1,-1,-1,29.726721,1,29.791231,1.375232,31.166463
57,192,687,-1,-1,-1,-1,-1,-1,0,85.885956,1.379328,87.265284
58,192,1680,-1,-1,-1,-1,-1,-1,0,150.397949,1.390592,151.788541
59,192,192,-1,-1,-1,-1,-1,30.094336,1,30.169088,1.390592,31.55968
60,192,1184,-1,-1,-1,-1,-1,-1,0,116.270081,1.393664,117.663745
61,192,688,-1,-1,-1,-1,-1,-1,0,87.055359,1.39264,88.447999
62,192,1680,-1,-1,-1,-1,-1,-1,0,150.781952,1.400832,152.182784
63,192,5134,-1,-1,-1,-1,-1,-1,0,365.392883,1.41312,366.806003
64,192,2173,-1,-1,-1,-1,-1,-1,0,171.443207,1.40288,172.846087
65,192,5151,-1,-1,-1,-1,-1,-1,0,362.311676,1.41312,363.724796
66,192,3167,-1,-1,-1,-1,-1,-1,0,232.689667,1.425408,234.115075
67,192,6623,-1,-1,-1,-1,-1,-1,0,435.288055,1.425408,436.713463
68,192,5148,-1,-1,-1,-1,-1,-1,0,361.91333,1.40288,363.31621
69,192,4160,-1,-1,-1,-1,-1,-1,0,297.048065,1.429504,298.477569
70,192,8126,-1,-1,-1,-1,-1,-1,0,529.463318,1.429504,530.892822
71,192,6140,-1,-1,-1,-1,-1,-1,0,411.563019,1.412096,412.975115
72,192,4640,-1,-1,-1,-1,-1,-1,0,327.663605,1.412096,329.075701
73,192,5949,-1,-1,-1,-1,-1,-1,0,400.742401,1.42336,402.165761
74,192,4654,-1,-1,-1,-1,-1,-1,0,327.195648,1.405952,328.6016
75,192,5150,-1,-1,-1,-1,-1,-1,0,362.960907,1.424384,364.385291
76,192,3168,-1,-1,-1,-1,-1,-1,0,233.105408,1.425408,234.530816
77,192,7135,-1,-1,-1,-1,-1,-1,0,472.779785,1.412096,474.191881
78,192,4143,-1,-1,-1,-1,-1,-1,0,295.322632,1.415168,296.7378
79,192,2671,-1,-1,-1,-1,-1,-1,0,205.527039,1.425408,206.952447
80,192,2671,-1,-1,-1,-1,-1,-1,0,205.535233,1.416192,206.951425
81,192,3149,-1,-1,-1,-1,-1,-1,0,232.805374,1.427456,234.23283
82,192,2159,-1,-1,-1,-1,-1,-1,0,171.619324,1.405952,173.025276
83,192,192,-1,-1,-1,-1,-1,30.082048,1,30.157824,1.39264,31.550464
84,192,1184,-1,-1,-1,-1,-1,-1,0,116.074493,1.398784,117.473277
85,192,688,-1,-1,-1,-1,-1,-1,0,87.114754,1.396736,88.51149
86,192,192,-1,-1,-1,-1,-1,29.914112,1,29.986816,1.384448,31.371264
87,192,1679,-1,-1,-1,-1,-1,-1,0,150.207489,1.405952,151.613441
88,192,192,-1,-1,-1,-1,-1,30.139393,1,30.205952,1.395712,31.601664
89,192,688,-1,-1,-1,-1,-1,-1,0,86.450172,1.385472,87.835644
90,192,4159,-1,-1,-1,-1,-1,-1,0,297.56723,1.425408,298.992638
91,192,1184,-1,-1,-1,-1,-1,-1,0,117.586945,1.401856,118.988801
92,192,2655,-1,-1,-1,-1,-1,-1,0,204.064774,1.41312,205.477894
93,192,1680,-1,-1,-1,-1,-1,-1,0,151.907333,1.399808,153.307141
94,192,1183,-1,-1,-1,-1,-1,-1,0,117.244926,1.400832,118.645759
95,192,4158,-1,-1,-1,-1,-1,-1,0,297.035767,1.424384,298.460151
96,192,2176,-1,-1,-1,-1,-1,-1,0,173.353989,1.403904,174.757893
97,192,5132,-1,-1,-1,-1,-1,-1,0,363.980804,1.411072,365.391876
98,192,4654,-1,-1,-1,-1,-1,-1,0,327.790588,1.426432,329.21702
99,192,3167,-1,-1,-1,-1,-1,-1,0,233.579514,1.425408,235.004922
100,192,4160,-1,-1,-1,-1,-1,-1,0,296.293365,1.42848,297.721846
101,192,4654,-1,-1,-1,-1,-1,-1,0,328.730621,1.40288,330.133501
102,192,3663,-1,-1,-1,-1,-1,-1,0,270.987274,1.408,272.395274
103,192,6143,-1,-1,-1,-1,-1,-1,0,412.91571,1.426432,414.342142
104,192,6638,-1,-1,-1,-1,-1,-1,0,434.553864,1.435648,435.989511
105,192,4639,-1,-1,-1,-1,-1,-1,0,328.815613,1.426432,330.242045
106,192,8127,-1,-1,-1,-1,-1,-1,0,531.007507,1.430528,532.438035
107,192,6127,-1,-1,-1,-1,-1,-1,0,412.751862,1.425408,414.17727
108,192,4159,-1,-1,-1,-1,-1,-1,0,296.724487,1.425408,298.149895
109,192,6142,-1,-1,-1,-1,-1,-1,0,412.162048,1.424384,413.586432
110,192,2176,-1,-1,-1,-1,-1,-1,0,172.99353,1.425408,174.418938
111,192,1184,-1,-1,-1,-1,-1,-1,0,118.037506,1.403904,119.44141
112,192,1184,-1,-1,-1,-1,-1,-1,0,117.277695,1.401856,118.679551
113,192,1680,-1,-1,-1,-1,-1,-1,0,151.157761,1.403904,152.561665
114,192,1680,-1,-1,-1,-1,-1,-1,0,151.176193,1.405952,152.582145
115,192,1184,-1,-1,-1,-1,-1,-1,0,117.057533,1.401856,118.459389
116,192,2176,-1,-1,-1,-1,-1,-1,0,172.385284,1.410048,173.795332
117,192,192,-1,-1,-1,-1,-1,30.44352,1,30.5152,1.39264,31.90784
118,192,2671,-1,-1,-1,-1,-1,-1,0,205.371399,1.431552,206.802951
119,192,1678,-1,-1,-1,-1,-1,-1,0,152.419327,1.39776,153.817087
120,192,2175,-1,-1,-1,-1,-1,-1,0,172.282883,1.409024,173.691907
121,192,4159,-1,-1,-1,-1,-1,-1,0,296.907776,1.411072,298.318848
122,192,1679,-1,-1,-1,-1,-1,-1,0,152.351746,1.404928,153.756674
123,192,1680,-1,-1,-1,-1,-1,-1,0,151.357437,1.40288,152.760317
124,192,1680,-1,-1,-1,-1,-1,-1,0,152.305664,1.40288,153.708544
125,192,2175,-1,-1,-1,-1,-1,-1,0,173.619202,1.42336,175.042562
126,192,1184,-1,-1,-1,-1,-1,-1,0,118.000641,1.399808,119.400449
127,192,4656,-1,-1,-1,-1,-1,-1,0,327.669769,1.426432,329.096201
128,192,1680,-1,-1,-1,-1,-1,-1,0,152.685562,1.403904,154.089466
129,192,3167,-1,-1,-1,-1,-1,-1,0,233.037827,1.42848,234.466307
130,192,5646,-1,-1,-1,-1,-1,-1,0,388.856842,1.425408,390.28225
131,192,4638,-1,-1,-1,-1,-1,-1,0,328.607758,1.411072,330.01883
132,192,3168,-1,-1,-1,-1,-1,-1,0,233.698303,1.429504,235.127807
133,192,5647,-1,-1,-1,-1,-1,-1,0,388.123657,1.427456,389.551113
134,192,4160,-1,-1,-1,-1,-1,-1,0,297.57132,1.408,298.97932
135,192,5136,-1,-1,-1,-1,-1,-1,0,363.894775,1.419264,365.314039
136,192,5151,-1,-1,-1,-1,-1,-1,0,366.03598,1.414144,367.450124
137,192,4655,-1,-1,-1,-1,-1,-1,0,329.214966,1.406976,330.621942
138,192,5120,-1,-1,-1,-1,-1,-1,0,343.618561,1.437696,345.056257
139,192,2176,-1,-1,-1,-1,-1,-1,0,174.517242,1.405952,175.923194
140,192,5104,-1,-1,-1,-1,-1,-1,0,343.019531,1.427456,344.446987
141,192,5150,-1,-1,-1,-1,-1,-1,0,364.449799,1.410048,365.859847
142,192,5648,-1,-1,-1,-1,-1,-1,0,388.932617,1.431552,390.364169
143,192,2176,-1,-1,-1,-1,-1,-1,0,173.18605,1.406976,174.593026
144,192,3167,-1,-1,-1,-1,-1,-1,0,232.524796,1.430528,233.955324
145,192,1680,-1,-1,-1,-1,-1,-1,0,152.358917,1.415168,153.774085
146,192,1680,-1,-1,-1,-1,-1,-1,0,151.213058,1.403904,152.616962
147,192,2176,-1,-1,-1,-1,-1,-1,0,173.43898,1.427456,174.866436
148,192,1679,-1,-1,-1,-1,-1,-1,0,152.08551,1.404928,153.490438
149,192,2672,-1,-1,-1,-1,-1,-1,0,205.779968,1.410048,207.190016
150,192,2671,-1,-1,-1,-1,-1,-1,0,206.472198,1.42336,207.895558
151,192,1679,-1,-1,-1,-1,-1,-1,0,152.045563,1.403904,153.449467
152,192,3166,-1,-1,-1,-1,-1,-1,0,232.930298,1.421312,234.35161
153,192,192,-1,-1,-1,-1,-1,30.649343,1,30.726145,1.40288,32.129025
154,192,688,-1,-1,-1,-1,-1,-1,0,86.999039,1.39776,88.396799
155,192,1680,-1,-1,-1,-1,-1,-1,0,151.255035,1.43872,152.693755
156,192,3164,-1,-1,-1,-1,-1,-1,0,232.706055,1.42336,234.129415
157,192,2176,-1,-1,-1,-1,-1,-1,0,173.840378,1.409024,175.249402
158,192,2176,-1,-1,-1,-1,-1,-1,0,174.006271,1.417216,175.423487
159,192,4654,-1,-1,-1,-1,-1,-1,0,330.082306,1.43872,331.521026
160,192,3150,-1,-1,-1,-1,-1,-1,0,233.077759,1.491968,234.569727
161,192,5151,-1,-1,-1,-1,-1,-1,0,365.299713,1.42336,366.723073
162,192,4160,-1,-1,-1,-1,-1,-1,0,298.333191,1.424384,299.757575
163,192,3664,-1,-1,-1,-1,-1,-1,0,270.818298,1.426432,272.24473
164,192,4656,-1,-1,-1,-1,-1,-1,0,330.009613,1.420288,331.429901
165,192,3151,-1,-1,-1,-1,-1,-1,0,233.12793,1.420288,234.548218
166,192,3166,-1,-1,-1,-1,-1,-1,0,233.263107,1.424384,234.687491
167,192,4160,-1,-1,-1,-1,-1,-1,0,298.653687,1.42336,300.077047
168,192,6142,-1,-1,-1,-1,-1,-1,0,413.24646,1.429504,414.675964
169,192,2175,-1,-1,-1,-1,-1,-1,0,173.68985,1.408,175.09785
170,192,1664,-1,-1,-1,-1,-1,-1,0,138.046463,1.421312,139.467775
171,192,8192,-1,-1,-1,-1,-1,-1,0,533.13739,1.434624,534.572014
172,192,3599,-1,-1,-1,-1,-1,-1,0,271.05484,1.405952,272.460792
173,192,5647,-1,-1,-1,-1,-1,-1,0,387.521545,1.424384,388.945929
174,192,4160,-1,-1,-1,-1,-1,-1,0,298.633209,1.426432,300.059641
175,192,1680,-1,-1,-1,-1,-1,-1,0,152.102905,1.400832,153.503737
176,192,4656,-1,-1,-1,-1,-1,-1,0,330.479614,1.412096,331.89171
177,192,1680,-1,-1,-1,-1,-1,-1,0,151.522308,1.399808,152.922116
178,192,3152,-1,-1,-1,-1,-1,-1,0,232.875015,1.432576,234.307591
179,192,2672,-1,-1,-1,-1,-1,-1,0,206.957565,1.425408,208.382973
180,192,2174,-1,-1,-1,-1,-1,-1,0,173.136902,1.411072,174.547974
181,192,3167,-1,-1,-1,-1,-1,-1,0,234.184708,1.424384,235.609092
182,192,2176,-1,-1,-1,-1,-1,-1,0,173.487106,1.416192,174.903298
183,192,1680,-1,-1,-1,-1,-1,-1,0,151.958527,1.404928,153.363455
184,192,1184,-1,-1,-1,-1,-1,-1,0,117.223427,1.403904,118.627331
185,192,2176,-1,-1,-1,-1,-1,-1,0,173.624313,1.42336,175.047673
186,192,688,-1,-1,-1,-1,-1,-1,0,87.638016,1.399808,89.037824
187,192,1680,-1,-1,-1,-1,-1,-1,0,151.861252,1.412096,153.273348
188,192,4125,-1,-1,-1,-1,-1,-1,0,298.803192,1.411072,300.214264
189,192,3168,-1,-1,-1,-1,-1,-1,0,233.313278,1.425408,234.738686
190,192,6637,-1,-1,-1,-1,-1,-1,0,437.531647,1.437696,438.969343
191,192,3168,-1,-1,-1,-1,-1,-1,0,233.581573,1.430528,235.012102
192,192,3072,-1,-1,-1,-1,-1,-1,0,227.362823,1.425408,228.788231
193,192,3168,-1,-1,-1,-1,-1,-1,0,233.253891,1.425408,234.679299
194,192,3663,-1,-1,-1,-1,-1,-1,0,271.131653,1.412096,272.543749
195,192,2176,-1,-1,-1,-1,-1,-1,0,174.185471,1.426432,175.611903
196,192,2671,-1,-1,-1,-1,-1,-1,0,206.408707,1.424384,207.833091
197,192,4160,-1,-1,-1,-1,-1,-1,0,298.724365,1.42336,300.147725
198,192,4144,-1,-1,-1,-1,-1,-1,0,298.625031,1.429504,300.054535
199,192,6639,-1,-1,-1,-1,-1,-1,0,437.832703,1.4336,439.266303
200,192,3167,-1,-1,-1,-1,-1,-1,0,233.965561,1.420288,235.385849
201,192,5151,-1,-1,-1,-1,-1,-1,0,365.836273,1.410048,367.246321
202,192,4159,-1,-1,-1,-1,-1,-1,0,298.444794,1.422336,299.86713
203,192,4142,-1,-1,-1,-1,-1,-1,0,298.57486,1.426432,300.001292
204,192,3663,-1,-1,-1,-1,-1,-1,0,272.003082,1.421312,273.424394
205,192,4655,-1,-1,-1,-1,-1,-1,0,329.87854,1.416192,331.294732
206,192,2176,-1,-1,-1,-1,-1,-1,0,173.334534,1.424384,174.758918
207,192,4158,-1,-1,-1,-1,-1,-1,0,298.628082,1.422336,300.050418
208,192,3663,-1,-1,-1,-1,-1,-1,0,272.523254,1.42848,273.951734
209,192,2639,-1,-1,-1,-1,-1,-1,0,205.887482,1.410048,207.29753
210,192,1184,-1,-1,-1,-1,-1,-1,0,117.716995,1.409024,119.126019
211,192,2671,-1,-1,-1,-1,-1,-1,0,206.240768,1.42336,207.664128
212,192,1183,-1,-1,-1,-1,-1,-1,0,118.313988,1.400832,119.71482
213,192,1184,-1,-1,-1,-1,-1,-1,0,117.460991,1.399808,118.860799
214,192,1680,-1,-1,-1,-1,-1,-1,0,151.567368,1.409024,152.976392
215,192,3167,-1,-1,-1,-1,-1,-1,0,234.009598,1.424384,235.433982
216,192,2160,-1,-1,-1,-1,-1,-1,0,173.53421,1.410048,174.944258
217,192,2672,-1,-1,-1,-1,-1,-1,0,206.678009,1.427456,208.105465
218,192,2159,-1,-1,-1,-1,-1,-1,0,173.487106,1.422336,174.909442
219,192,2175,-1,-1,-1,-1,-1,-1,0,173.626373,1.403904,175.030277
220,192,5615,-1,-1,-1,-1,-1,-1,0,380.205048,1.42336,381.628408
221,192,2175,-1,-1,-1,-1,-1,-1,0,173.824005,1.409024,175.233029
222,192,4160,-1,-1,-1,-1,-1,-1,0,298.631165,1.422336,300.053501
223,192,2112,-1,-1,-1,-1,-1,-1,0,173.057022,1.411072,174.468094
224,192,2671,-1,-1,-1,-1,-1,-1,0,206.683136,1.425408,208.108544
225,192,4160,-1,-1,-1,-1,-1,-1,0,298.692596,1.42336,300.115956
226,192,4654,-1,-1,-1,-1,-1,-1,0,330.326019,1.414144,331.740163
227,192,4655,-1,-1,-1,-1,-1,-1,0,331.316223,1.411072,332.727295
228,192,3168,-1,-1,-1,-1,-1,-1,0,233.856003,1.425408,235.281411
229,192,3647,-1,-1,-1,-1,-1,-1,0,271.581177,1.417216,272.998393
230,192,2672,-1,-1,-1,-1,-1,-1,0,206.379013,1.427456,207.806469
231,192,5647,-1,-1,-1,-1,-1,-1,0,388.401154,1.425408,389.826562
232,192,2176,-1,-1,-1,-1,-1,-1,0,174.419968,1.42336,175.843328
233,192,8192,-1,-1,-1,-1,-1,-1,0,533.108765,1.424384,534.533149
234,192,2606,-1,-1,-1,-1,-1,-1,0,205.591553,1.410048,207.001601
235,192,2671,-1,-1,-1,-1,-1,-1,0,206.545914,1.420288,207.966202
236,192,3663,-1,-1,-1,-1,-1,-1,0,271.608826,1.429504,273.03833
237,192,3168,-1,-1,-1,-1,-1,-1,0,233.269241,1.42848,234.697721
238,192,3663,-1,-1,-1,-1,-1,-1,0,271.678467,1.416192,273.094659
239,192,2176,-1,-1,-1,-1,-1,-1,0,174.005249,1.424384,175.429633
240,192,3166,-1,-1,-1,-1,-1,-1,0,233.207809,1.422336,234.630145
241,192,2175,-1,-1,-1,-1,-1,-1,0,174.268417,1.408,175.676417
242,192,3167,-1,-1,-1,-1,-1,-1,0,233.321472,1.424384,234.745856
243,192,1680,-1,-1,-1,-1,-1,-1,0,152.563705,1.40288,153.966585
244,192,1184,-1,-1,-1,-1,-1,-1,0,117.686272,1.409024,119.095296
245,192,1184,-1,-1,-1,-1,-1,-1,0,117.756927,1.399808,119.156736
246,192,3166,-1,-1,-1,-1,-1,-1,0,234.216446,1.424384,235.64083
247,192,3664,-1,-1,-1,-1,-1,-1,0,271.689728,1.414144,273.103872
248,192,3167,-1,-1,-1,-1,-1,-1,0,233.14534,1.425408,234.570748
249,192,192,-1,-1,-1,-1,-1,30.728191,1,30.800896,1.400832,32.201728
250,192,4032,-1,-1,-1,-1,-1,-1,0,286.466034,1.422336,287.88837
251,192,2176,-1,-1,-1,-1,-1,-1,0,174.55513,1.42848,175.98361
252,192,6142,-1,-1,-1,-1,-1,-1,0,413.32428,1.42336,414.74764
253,192,3662,-1,-1,-1,-1,-1,-1,0,272.522247,1.424384,273.946631
254,192,3664,-1,-1,-1,-1,-1,-1,0,271.924225,1.412096,273.336321
255,192,5646,-1,-1,-1,-1,-1,-1,0,388.159485,1.432576,389.592061
256,192,3344,-1,-1,-1,-1,-1,-1,0,242.928635,1.44896,244.377595
257,192,2159,-1,-1,-1,-1,-1,-1,0,174.355453,1.406976,175.762429
258,192,3663,-1,-1,-1,-1,-1,-1,0,272.104462,1.42336,273.527822
259,192,3168,-1,-1,-1,-1,-1,-1,0,233.231354,1.42336,234.654714
260,192,4159,-1,-1,-1,-1,-1,-1,0,298.639374,1.422336,300.06171
261,192,3166,-1,-1,-1,-1,-1,-1,0,233.369598,1.42848,234.798078
262,192,2671,-1,-1,-1,-1,-1,-1,0,207.543289,1.421312,208.964601
263,192,3168,-1,-1,-1,-1,-1,-1,0,233.172989,1.425408,234.598397
264,192,3664,-1,-1,-1,-1,-1,-1,0,271.581177,1.42336,273.004537
265,192,3664,-1,-1,-1,-1,-1,-1,0,271.776764,1.424384,273.201148
266,192,4160,-1,-1,-1,-1,-1,-1,0,298.612732,1.427456,300.040188
267,192,5134,-1,-1,-1,-1,-1,-1,0,366.495758,1.410048,367.905806
268,192,1680,-1,-1,-1,-1,-1,-1,0,152.310791,1.405952,153.716743
269,192,4656,-1,-1,-1,-1,-1,-1,0,329.848846,1.426432,331.275278
270,192,3167,-1,-1,-1,-1,-1,-1,0,233.53241,1.43872,234.97113
271,192,5151,-1,-1,-1,-1,-1,-1,0,367.574005,1.427456,369.001461
272,192,1183,-1,-1,-1,-1,-1,-1,0,117.87674,1.399808,119.276548
273,192,1680,-1,-1,-1,-1,-1,-1,0,151.211014,1.40288,152.613894
274,192,1184,-1,-1,-1,-1,-1,-1,0,117.728256,1.40288,119.131136
275,192,3168,-1,-1,-1,-1,-1,-1,0,233.204742,1.426432,234.631174
276,192,2176,-1,-1,-1,-1,-1,-1,0,174.338043,1.422336,175.760379
277,192,2670,-1,-1,-1,-1,-1,-1,0,207.378433,1.42336,208.801793
278,192,1679,-1,-1,-1,-1,-1,-1,0,152.683517,1.400832,154.08435
279,192,3168,-1,-1,-1,-1,-1,-1,0,232.982529,1.42336,234.405889
280,192,5152,-1,-1,-1,-1,-1,-1,0,366.509064,1.414144,367.923208
281,192,3168,-1,-1,-1,-1,-1,-1,0,234.029053,1.434624,235.463677
282,192,1679,-1,-1,-1,-1,-1,-1,0,153.000961,1.399808,154.400769
283,192,2671,-1,-1,-1,-1,-1,-1,0,206.268417,1.424384,207.692801
284,192,2655,-1,-1,-1,-1,-1,-1,0,206.716934,1.427456,208.14439
285,192,3664,-1,-1,-1,-1,-1,-1,0,272.470001,1.409024,273.879025
286,192,4639,-1,-1,-1,-1,-1,-1,0,330.364929,1.42336,331.788289
287,192,3663,-1,-1,-1,-1,-1,-1,0,272.468994,1.425408,273.894402
288,192,3168,-1,-1,-1,-1,-1,-1,0,233.293823,1.421312,234.715135
289,192,3168,-1,-1,-1,-1,-1,-1,0,233.744385,1.431552,235.175937
290,192,2671,-1,-1,-1,-1,-1,-1,0,207.277054,1.424384,208.701438
291,192,4655,-1,-1,-1,-1,-1,-1,0,331.300873,1.42336,332.724233
292,192,3168,-1,-1,-1,-1,-1,-1,0,233.252869,1.42336,234.676229
293,192,4655,-1,-1,-1,-1,-1,-1,0,331.088898,1.424384,332.513282
294,192,2175,-1,-1,-1,-1,-1,-1,0,174.418945,1.42336,175.842305
295,192,2672,-1,-1,-1,-1,-1,-1,0,206.816254,1.424384,208.240638
296,192,3662,-1,-1,-1,-1,-1,-1,0,272.460785,1.421312,273.882097
297,192,4655,-1,-1,-1,-1,-1,-1,0,328.837128,1.427456,330.264584
298,192,3663,-1,-1,-1,-1,-1,-1,0,273.192963,1.425408,274.618371
299,192,4605,-1,-1,-1,-1,-1,-1,0,322.577423,1.427456,324.004879
300,192,2671,-1,-1,-1,-1,-1,-1,0,206.738434,1.425408,208.163842
301,192,3167,-1,-1,-1,-1,-1,-1,0,233.277435,1.420288,234.697723
302,192,3168,-1,-1,-1,-1,-1,-1,0,233.229309,1.42336,234.652669
303,192,3152,-1,-1,-1,-1,-1,-1,0,234.859528,1.43872,236.298248
304,192,4655,-1,-1,-1,-1,-1,-1,0,331.498505,1.424384,332.922889
305,192,1680,-1,-1,-1,-1,-1,-1,0,152.150009,1.400832,153.550841
306,192,1680,-1,-1,-1,-1,-1,-1,0,151.447556,1.412096,152.859652
307,192,2671,-1,-1,-1,-1,-1,-1,0,207.357956,1.427456,208.785412
308,192,2672,-1,-1,-1,-1,-1,-1,0,206.853119,1.426432,208.279551
309,192,1680,-1,-1,-1,-1,-1,-1,0,153.297913,1.414144,154.712057
310,192,2176,-1,-1,-1,-1,-1,-1,0,174.237701,1.424384,175.662085
311,192,4160,-1,-1,-1,-1,-1,-1,0,298.580994,1.42336,300.004354
312,192,3168,-1,-1,-1,-1,-1,-1,0,233.311234,1.421312,234.732545
313,192,4159,-1,-1,-1,-1,-1,-1,0,299.622406,1.425408,301.047814
314,192,5150,-1,-1,-1,-1,-1,-1,0,367.042572,1.42336,368.465932
315,192,3168,-1,-1,-1,-1,-1,-1,0,233.292801,1.426432,234.719233
316,192,3663,-1,-1,-1,-1,-1,-1,0,272.522247,1.422336,273.944583
317,192,1184,-1,-1,-1,-1,-1,-1,0,118.047745,1.398784,119.446529
318,192,4639,-1,-1,-1,-1,-1,-1,0,330.714111,1.426432,332.140543
319,192,3151,-1,-1,-1,-1,-1,-1,0,233.207809,1.424384,234.632193
320,192,3664,-1,-1,-1,-1,-1,-1,0,272.52121,1.427456,273.948666
321,192,2672,-1,-1,-1,-1,-1,-1,0,206.811142,1.425408,208.23655
322,192,1680,-1,-1,-1,-1,-1,-1,0,153.060349,1.40288,154.463228
323,192,4160,-1,-1,-1,-1,-1,-1,0,298.339325,1.424384,299.763709
324,192,4158,-1,-1,-1,-1,-1,-1,0,298.715149,1.424384,300.139533
325,192,2672,-1,-1,-1,-1,-1,-1,0,206.838791,1.42336,208.262151
326,192,3152,-1,-1,-1,-1,-1,-1,0,234.12941,1.426432,235.555842
327,192,4160,-1,-1,-1,-1,-1,-1,0,298.872833,1.426432,300.299265
328,192,4142,-1,-1,-1,-1,-1,-1,0,298.584076,1.424384,300.00846
329,192,2672,-1,-1,-1,-1,-1,-1,0,206.797821,1.424384,208.222205
330,192,4656,-1,-1,-1,-1,-1,-1,0,332.318726,1.425408,333.744134
331,192,4159,-1,-1,-1,-1,-1,-1,0,298.80423,1.422336,300.226566
332,192,1680,-1,-1,-1,-1,-1,-1,0,152.72551,1.401856,154.127366
333,192,2656,-1,-1,-1,-1,-1,-1,0,205.849594,1.424384,207.273978
334,192,3662,-1,-1,-1,-1,-1,-1,0,272.475128,1.426432,273.90156
335,192,4159,-1,-1,-1,-1,-1,-1,0,299.608063,1.420288,301.028351
336,192,2174,-1,-1,-1,-1,-1,-1,0,174.433273,1.425408,175.858681
337,192,3167,-1,-1,-1,-1,-1,-1,0,233.29689,1.427456,234.724346
338,192,2175,-1,-1,-1,-1,-1,-1,0,174.468094,1.421312,175.889406
339,192,2176,-1,-1,-1,-1,-1,-1,0,174.1353,1.425408,175.560708
340,192,1679,-1,-1,-1,-1,-1,-1,0,152.788986,1.408,154.196986
341,192,2672,-1,-1,-1,-1,-1,-1,0,207.284225,1.431552,208.715778
342,192,5152,-1,-1,-1,-1,-1,-1,0,367.278076,1.424384,368.70246
343,192,3168,-1,-1,-1,-1,-1,-1,0,233.283585,1.42336,234.706945
344,192,4158,-1,-1,-1,-1,-1,-1,0,298.674164,1.422336,300.0965
345,192,2672,-1,-1,-1,-1,-1,-1,0,206.798843,1.426432,208.225275
346,192,2671,-1,-1,-1,-1,-1,-1,0,208.42598,1.436672,209.862652
347,192,2670,-1,-1,-1,-1,-1,-1,0,207.17363,1.426432,208.600062
348,192,4160,-1,-1,-1,-1,-1,-1,0,298.716156,1.424384,300.14054
349,192,3664,-1,-1,-1,-1,-1,-1,0,272.515076,1.42336,273.938436
350,192,2672,-1,-1,-1,-1,-1,-1,0,206.848007,1.427456,208.275463
351,192,5150,-1,-1,-1,-1,-1,-1,0,367.069183,1.426432,368.495615
352,192,1680,-1,-1,-1,-1,-1,-1,0,152.816635,1.410048,154.226683
353,192,1184,-1,-1,-1,-1,-1,-1,0,117.605377,1.406976,119.012353
354,192,2176,-1,-1,-1,-1,-1,-1,0,174.57254,1.425408,175.997948
355,192,3168,-1,-1,-1,-1,-1,-1,0,233.411591,1.42336,234.834951
356,192,3647,-1,-1,-1,-1,-1,-1,0,273.358856,1.422336,274.781192
357,192,3167,-1,-1,-1,-1,-1,-1,0,233.328644,1.421312,234.749956
358,192,3664,-1,-1,-1,-1,-1,-1,0,272.535553,1.424384,273.959937
359,192,5149,-1,-1,-1,-1,-1,-1,0,367.083527,1.42336,368.506887
360,192,3166,-1,-1,-1,-1,-1,-1,0,233.371643,1.422336,234.793979
361,192,5151,-1,-1,-1,-1,-1,-1,0,367.572998,1.42336,368.996358
362,192,4160,-1,-1,-1,-1,-1,-1,0,298.723328,1.420288,300.143616
363,192,3664,-1,-1,-1,-1,-1,-1,0,272.541687,1.421312,273.962999
364,192,3168,-1,-1,-1,-1,-1,-1,0,233.903107,1.42336,235.326467
365,192,3168,-1,-1,-1,-1,-1,-1,0,234.321915,1.424384,235.746299
366,192,1184,-1,-1,-1,-1,-1,-1,0,118.752258,1.415168,120.167426
367,192,4656,-1,-1,-1,-1,-1,-1,0,331.503601,1.425408,332.929009
368,192,2175,-1,-1,-1,-1,-1,-1,0,174.461945,1.422336,175.884281
369,192,1679,-1,-1,-1,-1,-1,-1,0,152.657913,1.400832,154.058745
370,192,4160,-1,-1,-1,-1,-1,-1,0,298.485748,1.42336,299.909108
371,192,1680,-1,-1,-1,-1,-1,-1,0,152.906754,1.416192,154.322946
372,192,3167,-1,-1,-1,-1,-1,-1,0,234.145798,1.424384,235.570182
373,192,3152,-1,-1,-1,-1,-1,-1,0,234.011642,1.426432,235.438074
374,192,2655,-1,-1,-1,-1,-1,-1,0,206.921722,1.426432,208.348154
375,192,4158,-1,-1,-1,-1,-1,-1,0,298.724365,1.422336,300.146701
376,192,4656,-1,-1,-1,-1,-1,-1,0,331.386871,1.424384,332.811255
377,192,1184,-1,-1,-1,-1,-1,-1,0,118.974464,1.41312,120.387584
378,192,3166,-1,-1,-1,-1,-1,-1,0,234.103806,1.42848,235.532286
379,192,4655,-1,-1,-1,-1,-1,-1,0,331.561981,1.421312,332.983293
380,192,2671,-1,-1,-1,-1,-1,-1,0,206.587906,1.424384,208.01229
381,192,3168,-1,-1,-1,-1,-1,-1,0,233.455612,1.426432,234.882044
382,192,1680,-1,-1,-1,-1,-1,-1,0,153.681915,1.414144,155.096059
383,192,3166,-1,-1,-1,-1,-1,-1,0,233.485306,1.42848,234.913786
384,192,1680,-1,-1,-1,-1,-1,-1,0,153.037827,1.410048,154.447875
385,192,4158,-1,-1,-1,-1,-1,-1,0,298.287109,1.424384,299.711493
386,192,3151,-1,-1,-1,-1,-1,-1,0,235.110397,1.43872,236.549117
387,192,4159,-1,-1,-1,-1,-1,-1,0,299.417603,1.429504,300.847107
388,192,3662,-1,-1,-1,-1,-1,-1,0,272.854004,1.422336,274.27634
389,192,3663,-1,-1,-1,-1,-1,-1,0,272.566284,1.422336,273.98862
390,192,2176,-1,-1,-1,-1,-1,-1,0,174.523392,1.425408,175.9488
391,192,3168,-1,-1,-1,-1,-1,-1,0,233.329666,1.425408,234.755074
392,192,2671,-1,-1,-1,-1,-1,-1,0,206.850052,1.42336,208.273412
393,192,3167,-1,-1,-1,-1,-1,-1,0,234.150909,1.42336,235.574269
394,192,2174,-1,-1,-1,-1,-1,-1,0,174.676987,1.422336,176.099323
395,192,6143,-1,-1,-1,-1,-1,-1,0,414.929932,1.420288,416.35022
