step,sched_reqs,sched_tokens,batch,num_query_tokens,sum_seq_len,num_spec_tokens,draft_ms,target_fwd_ms,n_target_fwd,step_ms
0,64,128,-1,-1,-1,-1,-1,28.823551,1,2977.721436
1,64,64,-1,-1,-1,-1,-1,18.042879,1,19.707905
2,0,-1,-1,-1,-1,-1,-1,-1,0,0.004096
3,1,1025,-1,-1,-1,-1,-1,-1,0,92.888062
4,10,8192,-1,-1,-1,-1,-1,-1,0,502.592499
5,18,8192,-1,-1,-1,-1,-1,-1,0,489.03067
6,26,8192,-1,-1,-1,-1,-1,-1,0,497.217529
7,34,8192,-1,-1,-1,-1,-1,-1,0,495.138824
8,42,8192,-1,-1,-1,-1,-1,-1,0,502.594574
9,50,8192,-1,-1,-1,-1,-1,-1,0,502.37439
10,58,8192,-1,-1,-1,-1,-1,-1,0,506.080261
11,64,6445,-1,-1,-1,-1,-1,-1,0,410.701813
12,64,64,-1,-1,-1,-1,-1,22.201344,1,22.247423
13,64,64,-1,-1,-1,-1,-1,21.955584,1,22.002687
14,64,64,-1,-1,-1,-1,-1,21.77536,1,21.820415
15,64,64,-1,-1,-1,-1,-1,21.682177,1,21.727232
16,64,64,-1,-1,-1,-1,-1,21.724159,1,21.768192
17,64,64,-1,-1,-1,-1,-1,21.724159,1,21.768192
18,64,64,-1,-1,-1,-1,-1,21.689344,1,21.7344
19,64,64,-1,-1,-1,-1,-1,21.638144,1,21.704704
20,64,64,-1,-1,-1,-1,-1,21.6576,1,21.724159
21,64,64,-1,-1,-1,-1,-1,21.643265,1,21.709824
22,64,64,-1,-1,-1,-1,-1,21.652479,1,21.720064
23,64,64,-1,-1,-1,-1,-1,21.634048,1,21.693439
24,64,64,-1,-1,-1,-1,-1,21.66272,1,21.722113
25,64,64,-1,-1,-1,-1,-1,21.67808,1,21.737473
26,64,64,-1,-1,-1,-1,-1,21.67296,1,21.740543
27,64,64,-1,-1,-1,-1,-1,21.650433,1,21.71904
28,64,64,-1,-1,-1,-1,-1,21.664768,1,21.709824
29,64,64,-1,-1,-1,-1,-1,21.660671,1,21.704704
30,64,64,-1,-1,-1,-1,-1,21.671936,1,21.716991
31,64,64,-1,-1,-1,-1,-1,21.675009,1,21.721088
32,64,64,-1,-1,-1,-1,-1,21.654528,1,21.707775
33,64,64,-1,-1,-1,-1,-1,21.654528,1,21.698561
34,64,64,-1,-1,-1,-1,-1,21.687296,1,21.731327
35,64,64,-1,-1,-1,-1,-1,21.686272,1,21.751808
36,64,64,-1,-1,-1,-1,-1,21.661695,1,21.721088
37,64,64,-1,-1,-1,-1,-1,21.670912,1,21.731327
38,64,64,-1,-1,-1,-1,-1,21.67296,1,21.733376
39,64,64,-1,-1,-1,-1,-1,21.665792,1,21.733376
40,64,64,-1,-1,-1,-1,-1,21.679104,1,21.745665
41,64,64,-1,-1,-1,-1,-1,21.680128,1,21.746689
42,64,64,-1,-1,-1,-1,-1,21.664768,1,21.732351
43,64,64,-1,-1,-1,-1,-1,21.713921,1,21.780479
44,64,64,-1,-1,-1,-1,-1,21.705729,1,21.748735
45,64,64,-1,-1,-1,-1,-1,21.710848,1,21.754881
46,64,64,-1,-1,-1,-1,-1,21.707775,1,21.752832
47,64,64,-1,-1,-1,-1,-1,21.707775,1,21.755903
48,64,64,-1,-1,-1,-1,-1,21.713921,1,21.758976
49,64,64,-1,-1,-1,-1,-1,21.702656,1,21.746689
50,64,64,-1,-1,-1,-1,-1,21.713921,1,21.757952
51,64,64,-1,-1,-1,-1,-1,21.716991,1,21.784576
52,64,64,-1,-1,-1,-1,-1,21.7344,1,21.793793
53,64,64,-1,-1,-1,-1,-1,21.724159,1,21.783552
54,64,64,-1,-1,-1,-1,-1,21.718016,1,21.777409
55,64,64,-1,-1,-1,-1,-1,21.7344,1,21.801985
56,64,64,-1,-1,-1,-1,-1,21.725183,1,21.791744
57,64,64,-1,-1,-1,-1,-1,21.733376,1,21.797888
58,64,64,-1,-1,-1,-1,-1,21.736448,1,21.804031
59,64,64,-1,-1,-1,-1,-1,21.747711,1,21.815296
60,64,64,-1,-1,-1,-1,-1,21.754881,1,21.800961
61,64,64,-1,-1,-1,-1,-1,21.739519,1,21.784576
62,64,64,-1,-1,-1,-1,-1,21.748735,1,21.792768
63,64,64,-1,-1,-1,-1,-1,21.76512,1,21.810177
64,64,64,-1,-1,-1,-1,-1,21.777409,1,21.82144
65,64,64,-1,-1,-1,-1,-1,21.764095,1,21.808128
66,64,64,-1,-1,-1,-1,-1,21.769217,1,21.813248
67,64,64,-1,-1,-1,-1,-1,21.783552,1,21.851135
68,64,64,-1,-1,-1,-1,-1,21.777409,1,21.846016
69,64,64,-1,-1,-1,-1,-1,21.784576,1,21.843967
70,64,64,-1,-1,-1,-1,-1,21.810177,1,21.87776
71,64,64,-1,-1,-1,-1,-1,21.783552,1,21.851135
72,64,64,-1,-1,-1,-1,-1,21.829632,1,21.890047
73,64,64,-1,-1,-1,-1,-1,21.812223,1,21.879808
74,64,64,-1,-1,-1,-1,-1,21.843967,1,21.911552
75,64,64,-1,-1,-1,-1,-1,21.841921,1,21.899263
76,64,64,-1,-1,-1,-1,-1,21.834751,1,21.879808
77,64,64,-1,-1,-1,-1,-1,21.843967,1,21.888
78,64,64,-1,-1,-1,-1,-1,21.817345,1,21.860352
79,64,64,-1,-1,-1,-1,-1,21.853184,1,21.897217
80,64,64,-1,-1,-1,-1,-1,21.870592,1,21.915648
81,64,64,-1,-1,-1,-1,-1,21.838848,1,21.881857
82,64,64,-1,-1,-1,-1,-1,21.888,1,21.932032
83,64,64,-1,-1,-1,-1,-1,21.885952,1,21.950464
84,64,64,-1,-1,-1,-1,-1,21.869568,1,21.927937
85,64,64,-1,-1,-1,-1,-1,21.881857,1,21.948416
86,64,64,-1,-1,-1,-1,-1,21.895168,1,21.961727
87,64,64,-1,-1,-1,-1,-1,21.876736,1,21.935104
88,64,64,-1,-1,-1,-1,-1,21.898239,1,21.9648
89,64,64,-1,-1,-1,-1,-1,21.931007,1,21.997568
90,64,64,-1,-1,-1,-1,-1,21.911552,1,21.979136
91,64,64,-1,-1,-1,-1,-1,21.90848,1,21.977089
92,64,64,-1,-1,-1,-1,-1,21.93408,1,21.98016
93,64,64,-1,-1,-1,-1,-1,21.940224,1,21.984257
94,64,64,-1,-1,-1,-1,-1,21.917696,1,21.962751
95,64,64,-1,-1,-1,-1,-1,21.936129,1,21.98016
96,64,64,-1,-1,-1,-1,-1,21.921791,1,21.965824
97,64,64,-1,-1,-1,-1,-1,21.956608,1,22.000641
98,64,64,-1,-1,-1,-1,-1,21.97504,1,22.020096
99,64,64,-1,-1,-1,-1,-1,21.972992,1,22.039553
100,64,64,-1,-1,-1,-1,-1,21.974016,1,22.041599
101,64,64,-1,-1,-1,-1,-1,21.966848,1,22.024193
102,64,64,-1,-1,-1,-1,-1,21.958656,1,22.028288
103,64,64,-1,-1,-1,-1,-1,21.969919,1,22.03648
104,64,64,-1,-1,-1,-1,-1,21.976065,1,22.042624
105,64,64,-1,-1,-1,-1,-1,21.991425,1,22.059008
106,64,64,-1,-1,-1,-1,-1,21.960705,1,22.019072
107,64,64,-1,-1,-1,-1,-1,21.998592,1,22.055937
108,64,64,-1,-1,-1,-1,-1,22.009855,1,22.052864
109,64,64,-1,-1,-1,-1,-1,22.004736,1,22.048767
110,64,64,-1,-1,-1,-1,-1,22.042624,1,22.087681
111,64,64,-1,-1,-1,-1,-1,22.016001,1,22.059008
112,64,64,-1,-1,-1,-1,-1,22.030336,1,22.074368
113,64,64,-1,-1,-1,-1,-1,22.032385,1,22.088703
114,64,64,-1,-1,-1,-1,-1,22.033407,1,22.078465
115,64,64,-1,-1,-1,-1,-1,22.055937,1,22.121471
116,64,64,-1,-1,-1,-1,-1,22.042624,1,22.110209
117,64,1072,-1,-1,-1,-1,-1,-1,0,92.678146
118,64,64,-1,-1,-1,-1,-1,22.329344,1,22.395905
119,64,1072,-1,-1,-1,-1,-1,-1,0,93.040642
120,64,1072,-1,-1,-1,-1,-1,-1,0,93.780991
121,64,64,-1,-1,-1,-1,-1,22.350847,1,22.418432
122,64,3088,-1,-1,-1,-1,-1,-1,0,212.321274
123,64,3087,-1,-1,-1,-1,-1,-1,0,213.081085
124,64,1072,-1,-1,-1,-1,-1,-1,0,94.39949
125,64,64,-1,-1,-1,-1,-1,22.367231,1,22.411264
126,64,4095,-1,-1,-1,-1,-1,-1,0,267.661316
127,64,3088,-1,-1,-1,-1,-1,-1,0,213.964798
128,64,1072,-1,-1,-1,-1,-1,-1,0,94.403587
129,64,3087,-1,-1,-1,-1,-1,-1,0,212.326401
130,64,1071,-1,-1,-1,-1,-1,-1,0,94.537727
131,64,4095,-1,-1,-1,-1,-1,-1,0,268.695557
132,64,2080,-1,-1,-1,-1,-1,-1,0,155.874298
133,64,2080,-1,-1,-1,-1,-1,-1,0,155.204605
134,64,1072,-1,-1,-1,-1,-1,-1,0,93.740028
135,64,2080,-1,-1,-1,-1,-1,-1,0,155.097092
136,64,2079,-1,-1,-1,-1,-1,-1,0,155.031555
137,64,4095,-1,-1,-1,-1,-1,-1,0,268.187653
138,64,3088,-1,-1,-1,-1,-1,-1,0,214.511612
139,64,2080,-1,-1,-1,-1,-1,-1,0,155.509766
140,64,4096,-1,-1,-1,-1,-1,-1,0,266.615814
141,64,2080,-1,-1,-1,-1,-1,-1,0,155.052032
142,64,2079,-1,-1,-1,-1,-1,-1,0,154.878983
143,64,1072,-1,-1,-1,-1,-1,-1,0,93.469696
144,64,1071,-1,-1,-1,-1,-1,-1,0,92.86451
145,64,64,-1,-1,-1,-1,-1,22.175743,1,22.247423
146,64,3086,-1,-1,-1,-1,-1,-1,0,213.020676
147,64,1072,-1,-1,-1,-1,-1,-1,0,93.363197
148,64,2080,-1,-1,-1,-1,-1,-1,0,154.160126
149,64,64,-1,-1,-1,-1,-1,22.103041,1,22.170624
150,64,1072,-1,-1,-1,-1,-1,-1,0,91.572227
151,64,1072,-1,-1,-1,-1,-1,-1,0,92.80307
152,64,1072,-1,-1,-1,-1,-1,-1,0,92.673027
153,64,64,-1,-1,-1,-1,-1,22.109184,1,22.178816
154,64,1072,-1,-1,-1,-1,-1,-1,0,91.488258
155,64,64,-1,-1,-1,-1,-1,22.139904,1,22.211584
156,64,64,-1,-1,-1,-1,-1,21.947392,1,22.018047
157,64,64,-1,-1,-1,-1,-1,21.871616,1,21.931007
158,64,64,-1,-1,-1,-1,-1,21.797888,1,21.866495
159,64,64,-1,-1,-1,-1,-1,21.804031,1,21.870592
160,64,64,-1,-1,-1,-1,-1,21.803007,1,21.869568
161,64,64,-1,-1,-1,-1,-1,21.757952,1,21.81632
162,64,64,-1,-1,-1,-1,-1,21.721088,1,21.788671
163,64,64,-1,-1,-1,-1,-1,21.738497,1,21.808128
164,64,64,-1,-1,-1,-1,-1,21.751808,1,21.812223
165,64,64,-1,-1,-1,-1,-1,21.741568,1,21.800961
166,64,64,-1,-1,-1,-1,-1,21.721088,1,21.788671
167,64,64,-1,-1,-1,-1,-1,21.754881,1,21.823488
168,64,64,-1,-1,-1,-1,-1,21.745665,1,21.814272
169,64,64,-1,-1,-1,-1,-1,21.750784,1,21.817345
170,64,64,-1,-1,-1,-1,-1,21.76,1,21.829632
171,64,64,-1,-1,-1,-1,-1,21.76,1,21.828608
172,64,64,-1,-1,-1,-1,-1,21.74976,1,21.809153
173,64,64,-1,-1,-1,-1,-1,21.779455,1,21.848064
174,64,64,-1,-1,-1,-1,-1,21.758976,1,21.828608
175,64,64,-1,-1,-1,-1,-1,21.769217,1,21.827583
176,64,64,-1,-1,-1,-1,-1,21.750784,1,21.818369
177,64,64,-1,-1,-1,-1,-1,21.76,1,21.819391
178,64,64,-1,-1,-1,-1,-1,21.782528,1,21.853184
179,64,64,-1,-1,-1,-1,-1,21.798912,1,21.866495
180,64,64,-1,-1,-1,-1,-1,21.782528,1,21.850113
181,64,64,-1,-1,-1,-1,-1,21.77536,1,21.842943
182,64,64,-1,-1,-1,-1,-1,21.799936,1,21.868544
183,64,64,-1,-1,-1,-1,-1,21.791744,1,21.857281
184,64,64,-1,-1,-1,-1,-1,21.801985,1,21.869568
185,64,64,-1,-1,-1,-1,-1,21.812223,1,21.872641
186,64,64,-1,-1,-1,-1,-1,21.815296,1,21.881857
187,64,64,-1,-1,-1,-1,-1,21.794815,1,21.865473
188,64,64,-1,-1,-1,-1,-1,21.83168,1,21.900288
189,64,64,-1,-1,-1,-1,-1,21.805056,1,21.872641
190,64,64,-1,-1,-1,-1,-1,21.838848,1,21.899263
191,64,64,-1,-1,-1,-1,-1,21.785601,1,21.851135
192,64,64,-1,-1,-1,-1,-1,21.824512,1,21.888
193,64,64,-1,-1,-1,-1,-1,21.851135,1,21.917696
194,64,64,-1,-1,-1,-1,-1,21.866495,1,21.93408
195,64,64,-1,-1,-1,-1,-1,21.856256,1,21.921791
196,64,64,-1,-1,-1,-1,-1,21.870592,1,21.937153
197,64,64,-1,-1,-1,-1,-1,21.864449,1,21.921791
198,64,64,-1,-1,-1,-1,-1,21.861376,1,21.919744
199,64,64,-1,-1,-1,-1,-1,21.857281,1,21.92384
200,64,64,-1,-1,-1,-1,-1,21.888,1,21.946367
201,64,64,-1,-1,-1,-1,-1,21.914623,1,21.972992
202,64,64,-1,-1,-1,-1,-1,21.911552,1,21.978111
203,64,64,-1,-1,-1,-1,-1,21.882879,1,21.948416
204,64,64,-1,-1,-1,-1,-1,21.935104,1,22.002687
205,64,64,-1,-1,-1,-1,-1,21.914623,1,21.979136
206,64,64,-1,-1,-1,-1,-1,21.917696,1,21.976065
207,64,64,-1,-1,-1,-1,-1,21.921791,1,21.981184
208,64,64,-1,-1,-1,-1,-1,21.940224,1,22.00576
209,64,64,-1,-1,-1,-1,-1,21.942272,1,22.008833
210,64,64,-1,-1,-1,-1,-1,21.933056,1,21.999617
211,64,64,-1,-1,-1,-1,-1,21.940224,1,22.00576
212,64,64,-1,-1,-1,-1,-1,21.954559,1,22.02112
213,64,64,-1,-1,-1,-1,-1,21.947392,1,22.012928
214,64,64,-1,-1,-1,-1,-1,21.967873,1,22.034431
215,64,64,-1,-1,-1,-1,-1,21.977089,1,22.043648
216,64,64,-1,-1,-1,-1,-1,21.947392,1,22.013952
217,64,64,-1,-1,-1,-1,-1,21.974016,1,22.032385
218,64,64,-1,-1,-1,-1,-1,22.000641,1,22.068224
219,64,64,-1,-1,-1,-1,-1,21.992449,1,22.057983
220,64,64,-1,-1,-1,-1,-1,21.977089,1,22.03648
221,64,64,-1,-1,-1,-1,-1,21.9904,1,22.049791
222,64,64,-1,-1,-1,-1,-1,21.983232,1,22.040577
223,64,64,-1,-1,-1,-1,-1,21.994495,1,22.052864
224,64,64,-1,-1,-1,-1,-1,22.019072,1,22.076416
225,64,64,-1,-1,-1,-1,-1,22.019072,1,22.085632
226,64,64,-1,-1,-1,-1,-1,22.020096,1,22.07744
227,64,64,-1,-1,-1,-1,-1,22.06208,1,22.129663
228,64,64,-1,-1,-1,-1,-1,22.033407,1,22.098944
229,64,64,-1,-1,-1,-1,-1,22.039553,1,22.098944
230,64,64,-1,-1,-1,-1,-1,22.027264,1,22.093824
231,64,64,-1,-1,-1,-1,-1,22.06208,1,22.127617
232,64,64,-1,-1,-1,-1,-1,22.08256,1,22.148096
233,64,64,-1,-1,-1,-1,-1,22.048767,1,22.117376
234,64,64,-1,-1,-1,-1,-1,22.085632,1,22.153215
235,64,64,-1,-1,-1,-1,-1,22.061056,1,22.127617
236,64,64,-1,-1,-1,-1,-1,22.088703,1,22.157312
237,64,64,-1,-1,-1,-1,-1,22.079489,1,22.147072
238,64,64,-1,-1,-1,-1,-1,22.052864,1,22.119425
239,64,1072,-1,-1,-1,-1,-1,-1,0,92.774399
240,64,64,-1,-1,-1,-1,-1,22.489088,1,22.556671
241,64,1071,-1,-1,-1,-1,-1,-1,0,93.400063
242,64,64,-1,-1,-1,-1,-1,22.492161,1,22.559744
243,64,64,-1,-1,-1,-1,-1,22.344704,1,22.406143
244,64,2080,-1,-1,-1,-1,-1,-1,0,154.588165
245,64,1072,-1,-1,-1,-1,-1,-1,0,94.46093
246,64,2080,-1,-1,-1,-1,-1,-1,0,155.82515
247,64,64,-1,-1,-1,-1,-1,22.367231,1,22.434816
248,64,64,-1,-1,-1,-1,-1,22.239231,1,22.299648
249,64,3088,-1,-1,-1,-1,-1,-1,0,213.447678
250,64,1072,-1,-1,-1,-1,-1,-1,0,94.55616
251,64,3088,-1,-1,-1,-1,-1,-1,0,213.108734
252,64,2080,-1,-1,-1,-1,-1,-1,0,156.049408
253,64,1072,-1,-1,-1,-1,-1,-1,0,94.057472
254,64,4095,-1,-1,-1,-1,-1,-1,0,269.400055
255,64,2079,-1,-1,-1,-1,-1,-1,0,155.906052
256,64,64,-1,-1,-1,-1,-1,22.261761,1,22.327295
257,64,2080,-1,-1,-1,-1,-1,-1,0,154.369019
258,64,2080,-1,-1,-1,-1,-1,-1,0,155.188217
259,64,2080,-1,-1,-1,-1,-1,-1,0,155.101181
260,64,3088,-1,-1,-1,-1,-1,-1,0,214.324219
261,64,1071,-1,-1,-1,-1,-1,-1,0,94.428162
262,64,64,-1,-1,-1,-1,-1,22.189056,1,22.256639
263,64,1072,-1,-1,-1,-1,-1,-1,0,92.433411
264,64,1071,-1,-1,-1,-1,-1,-1,0,93.691902
265,64,2080,-1,-1,-1,-1,-1,-1,0,155.288574
266,64,4095,-1,-1,-1,-1,-1,-1,0,267.401215
267,64,2080,-1,-1,-1,-1,-1,-1,0,155.964417
268,64,2080,-1,-1,-1,-1,-1,-1,0,155.608063
269,64,2080,-1,-1,-1,-1,-1,-1,0,155.264008
270,64,1072,-1,-1,-1,-1,-1,-1,0,94.115837
271,64,2080,-1,-1,-1,-1,-1,-1,0,154.884094
272,64,2080,-1,-1,-1,-1,-1,-1,0,154.591232
273,64,64,-1,-1,-1,-1,-1,22.087681,1,22.15424
274,64,1072,-1,-1,-1,-1,-1,-1,0,92.158974
275,64,4096,-1,-1,-1,-1,-1,-1,0,267.046906
276,64,64,-1,-1,-1,-1,-1,22.162432,1,22.222849
277,64,1072,-1,-1,-1,-1,-1,-1,0,91.836418
278,64,64,-1,-1,-1,-1,-1,22.095873,1,22.163456
279,64,1072,-1,-1,-1,-1,-1,-1,0,92.16819
280,64,64,-1,-1,-1,-1,-1,22.033407,1,22.078465
281,64,1072,-1,-1,-1,-1,-1,-1,0,91.80365
282,64,64,-1,-1,-1,-1,-1,22.039553,1,22.099968
283,64,1072,-1,-1,-1,-1,-1,-1,0,91.863037
284,64,64,-1,-1,-1,-1,-1,22.093824,1,22.15424
285,64,1071,-1,-1,-1,-1,-1,-1,0,91.879425
286,64,64,-1,-1,-1,-1,-1,22.097919,1,22.165504
287,64,64,-1,-1,-1,-1,-1,21.912577,1,21.981184
288,64,64,-1,-1,-1,-1,-1,21.810177,1,21.879808
289,64,64,-1,-1,-1,-1,-1,21.745665,1,21.812223
290,64,2080,-1,-1,-1,-1,-1,-1,0,152.788986
291,64,64,-1,-1,-1,-1,-1,22.093824,1,22.153215
292,64,64,-1,-1,-1,-1,-1,21.899263,1,21.965824
293,64,64,-1,-1,-1,-1,-1,21.83168,1,21.897217
294,64,64,-1,-1,-1,-1,-1,21.743616,1,21.811199
295,64,64,-1,-1,-1,-1,-1,21.740543,1,21.807104
296,64,64,-1,-1,-1,-1,-1,21.739519,1,21.783552
297,64,64,-1,-1,-1,-1,-1,21.706753,1,21.774336
298,64,64,-1,-1,-1,-1,-1,21.685247,1,21.751808
299,64,64,-1,-1,-1,-1,-1,21.68832,1,21.755903
300,64,64,-1,-1,-1,-1,-1,21.697536,1,21.764095
301,64,64,-1,-1,-1,-1,-1,21.677055,1,21.74464
302,64,64,-1,-1,-1,-1,-1,21.692415,1,21.751808
303,64,64,-1,-1,-1,-1,-1,21.710848,1,21.777409
304,64,64,-1,-1,-1,-1,-1,21.700607,1,21.769217
305,64,64,-1,-1,-1,-1,-1,21.711872,1,21.770241
306,64,64,-1,-1,-1,-1,-1,21.685247,1,21.745665
307,64,64,-1,-1,-1,-1,-1,21.693439,1,21.762049
308,64,64,-1,-1,-1,-1,-1,21.715967,1,21.783552
309,64,64,-1,-1,-1,-1,-1,21.74976,1,21.817345
310,64,64,-1,-1,-1,-1,-1,21.74464,1,21.804031
311,64,64,-1,-1,-1,-1,-1,21.714945,1,21.773312
312,64,64,-1,-1,-1,-1,-1,21.745665,1,21.789696
313,64,64,-1,-1,-1,-1,-1,21.743616,1,21.809153
314,64,64,-1,-1,-1,-1,-1,21.757952,1,21.824512
315,64,64,-1,-1,-1,-1,-1,21.74464,1,21.811199
316,64,64,-1,-1,-1,-1,-1,21.745665,1,21.812223
317,64,64,-1,-1,-1,-1,-1,21.76,1,21.827583
318,64,64,-1,-1,-1,-1,-1,21.791744,1,21.859327
319,64,64,-1,-1,-1,-1,-1,21.761024,1,21.825537
320,64,64,-1,-1,-1,-1,-1,21.786625,1,21.854208
321,64,64,-1,-1,-1,-1,-1,21.800961,1,21.868544
322,64,64,-1,-1,-1,-1,-1,21.792768,1,21.858303
323,64,64,-1,-1,-1,-1,-1,21.788671,1,21.857281
324,64,64,-1,-1,-1,-1,-1,21.789696,1,21.856256
325,64,64,-1,-1,-1,-1,-1,21.779455,1,21.843967
326,64,64,-1,-1,-1,-1,-1,21.795839,1,21.8624
327,64,64,-1,-1,-1,-1,-1,21.825537,1,21.883904
328,64,64,-1,-1,-1,-1,-1,21.810177,1,21.854208
329,64,64,-1,-1,-1,-1,-1,21.81632,1,21.881857
330,64,64,-1,-1,-1,-1,-1,21.8368,1,21.895168
331,64,64,-1,-1,-1,-1,-1,21.841921,1,21.90848
332,64,64,-1,-1,-1,-1,-1,21.838848,1,21.905409
333,64,64,-1,-1,-1,-1,-1,21.838848,1,21.905409
334,64,64,-1,-1,-1,-1,-1,21.8624,1,21.921791
335,64,64,-1,-1,-1,-1,-1,21.8368,1,21.90336
336,64,64,-1,-1,-1,-1,-1,21.863424,1,21.931007
337,64,64,-1,-1,-1,-1,-1,21.883904,1,21.94944
338,64,64,-1,-1,-1,-1,-1,21.860352,1,21.926912
339,64,64,-1,-1,-1,-1,-1,21.892096,1,21.956608
340,64,64,-1,-1,-1,-1,-1,21.866495,1,21.933056
341,64,64,-1,-1,-1,-1,-1,21.897217,1,21.962751
342,64,64,-1,-1,-1,-1,-1,21.892096,1,21.958656
343,64,64,-1,-1,-1,-1,-1,21.880833,1,21.947392
344,64,64,-1,-1,-1,-1,-1,21.889025,1,21.932032
345,64,64,-1,-1,-1,-1,-1,21.922815,1,21.989376
346,64,64,-1,-1,-1,-1,-1,21.919744,1,21.979136
347,64,64,-1,-1,-1,-1,-1,21.92384,1,21.9904
348,64,64,-1,-1,-1,-1,-1,21.925888,1,21.983232
349,64,64,-1,-1,-1,-1,-1,21.919744,1,21.984257
350,64,64,-1,-1,-1,-1,-1,21.942272,1,22.009855
351,64,64,-1,-1,-1,-1,-1,21.926912,1,21.994495
352,64,64,-1,-1,-1,-1,-1,21.939199,1,22.00576
353,64,1072,-1,-1,-1,-1,-1,-1,0,92.792831
354,64,64,-1,-1,-1,-1,-1,22.31296,1,22.380545
355,64,64,-1,-1,-1,-1,-1,22.128639,1,22.191105
356,64,64,-1,-1,-1,-1,-1,22.054913,1,22.113279
357,64,64,-1,-1,-1,-1,-1,22.047745,1,22.106112
358,64,64,-1,-1,-1,-1,-1,22.018047,1,22.085632
359,64,64,-1,-1,-1,-1,-1,21.970943,1,22.038528
360,64,64,-1,-1,-1,-1,-1,21.959681,1,22.002687
361,64,64,-1,-1,-1,-1,-1,21.996544,1,22.06208
362,64,64,-1,-1,-1,-1,-1,21.947392,1,22.013952
363,64,64,-1,-1,-1,-1,-1,21.994495,1,22.06208
364,64,1071,-1,-1,-1,-1,-1,-1,0,93.074432
365,64,64,-1,-1,-1,-1,-1,22.444033,1,22.510592
366,64,64,-1,-1,-1,-1,-1,22.254593,1,22.315008
367,64,64,-1,-1,-1,-1,-1,22.13376,1,22.193151
368,64,64,-1,-1,-1,-1,-1,22.090752,1,22.150145
369,64,64,-1,-1,-1,-1,-1,22.086657,1,22.142977
370,64,1072,-1,-1,-1,-1,-1,-1,0,93.114365
371,64,2080,-1,-1,-1,-1,-1,-1,0,155.860992
372,64,1071,-1,-1,-1,-1,-1,-1,0,94.39846
373,64,1072,-1,-1,-1,-1,-1,-1,0,94.429184
374,64,3087,-1,-1,-1,-1,-1,-1,0,213.568512
375,64,3088,-1,-1,-1,-1,-1,-1,0,214.429703
376,64,3088,-1,-1,-1,-1,-1,-1,0,217.438202
377,64,1072,-1,-1,-1,-1,-1,-1,0,94.870529
378,64,2080,-1,-1,-1,-1,-1,-1,0,155.995132
379,64,1072,-1,-1,-1,-1,-1,-1,0,93.964287
380,64,2080,-1,-1,-1,-1,-1,-1,0,155.304962
381,64,1072,-1,-1,-1,-1,-1,-1,0,93.82605
382,64,3087,-1,-1,-1,-1,-1,-1,0,214.226944
383,64,2080,-1,-1,-1,-1,-1,-1,0,157.268997
384,64,2080,-1,-1,-1,-1,-1,-1,0,156.059647
385,64,1071,-1,-1,-1,-1,-1,-1,0,94.107651
386,64,64,-1,-1,-1,-1,-1,22.172672,1,22.239231
387,64,1072,-1,-1,-1,-1,-1,-1,0,92.531715
388,64,4096,-1,-1,-1,-1,-1,-1,0,267.971588
389,64,64,-1,-1,-1,-1,-1,22.207487,1,22.271999
390,64,1072,-1,-1,-1,-1,-1,-1,0,92.306435
391,64,2080,-1,-1,-1,-1,-1,-1,0,155.480057
392,64,2079,-1,-1,-1,-1,-1,-1,0,156.198914
393,64,1072,-1,-1,-1,-1,-1,-1,0,93.971458
394,64,64,-1,-1,-1,-1,-1,22.188032,1,22.256639
395,64,2080,-1,-1,-1,-1,-1,-1,0,154.958847
396,64,2078,-1,-1,-1,-1,-1,-1,0,155.941895
397,64,64,-1,-1,-1,-1,-1,22.113279,1,22.180864
398,64,1072,-1,-1,-1,-1,-1,-1,0,92.269569
399,64,64,-1,-1,-1,-1,-1,22.125568,1,22.184959
400,64,1072,-1,-1,-1,-1,-1,-1,0,92.182526
401,64,2080,-1,-1,-1,-1,-1,-1,0,155.119614
402,64,1072,-1,-1,-1,-1,-1,-1,0,93.321213
403,64,64,-1,-1,-1,-1,-1,22.135809,1,22.204416
404,64,2080,-1,-1,-1,-1,-1,-1,0,154.642426
405,64,64,-1,-1,-1,-1,-1,22.111233,1,22.177792
406,64,2079,-1,-1,-1,-1,-1,-1,0,154.536957
407,64,2079,-1,-1,-1,-1,-1,-1,0,155.78215
408,64,2080,-1,-1,-1,-1,-1,-1,0,155.697159
409,64,1072,-1,-1,-1,-1,-1,-1,0,92.86451
410,64,64,-1,-1,-1,-1,-1,22.078465,1,22.146048
411,64,64,-1,-1,-1,-1,-1,21.909504,1,21.978111
412,64,64,-1,-1,-1,-1,-1,21.840897,1,21.909504
413,64,2064,-1,-1,-1,-1,-1,-1,0,153.541626
414,64,1072,-1,-1,-1,-1,-1,-1,0,93.440002
415,64,64,-1,-1,-1,-1,-1,22.019072,1,22.078465
416,64,64,-1,-1,-1,-1,-1,21.842943,1,21.90336
417,64,64,-1,-1,-1,-1,-1,21.724159,1,21.789696
418,64,64,-1,-1,-1,-1,-1,21.762049,1,21.829632
419,64,1072,-1,-1,-1,-1,-1,-1,0,91.422722
420,64,64,-1,-1,-1,-1,-1,22.008833,1,22.076416
421,64,64,-1,-1,-1,-1,-1,21.859327,1,21.926912
422,64,64,-1,-1,-1,-1,-1,21.728256,1,21.794815
423,64,64,-1,-1,-1,-1,-1,21.746689,1,21.815296
424,64,64,-1,-1,-1,-1,-1,21.737473,1,21.805056
425,64,64,-1,-1,-1,-1,-1,21.739519,1,21.807104
426,64,64,-1,-1,-1,-1,-1,21.653503,1,21.720064
427,64,64,-1,-1,-1,-1,-1,21.705729,1,21.763071
428,64,64,-1,-1,-1,-1,-1,21.721088,1,21.788671
429,64,64,-1,-1,-1,-1,-1,21.732351,1,21.800961
430,64,64,-1,-1,-1,-1,-1,21.731327,1,21.797888
431,64,64,-1,-1,-1,-1,-1,21.740543,1,21.807104
432,64,64,-1,-1,-1,-1,-1,21.686272,1,21.753857
433,64,64,-1,-1,-1,-1,-1,21.702656,1,21.76
434,64,64,-1,-1,-1,-1,-1,21.709824,1,21.776384
435,64,64,-1,-1,-1,-1,-1,21.712896,1,21.778433
436,64,64,-1,-1,-1,-1,-1,21.697536,1,21.755903
437,64,64,-1,-1,-1,-1,-1,21.714945,1,21.781504
438,64,64,-1,-1,-1,-1,-1,21.714945,1,21.780479
439,64,64,-1,-1,-1,-1,-1,21.731327,1,21.798912
440,64,64,-1,-1,-1,-1,-1,21.720064,1,21.787647
441,64,64,-1,-1,-1,-1,-1,21.76,1,21.826559
442,64,64,-1,-1,-1,-1,-1,21.7344,1,21.801985
443,64,64,-1,-1,-1,-1,-1,21.741568,1,21.808128
444,64,64,-1,-1,-1,-1,-1,21.767168,1,21.833729
445,64,64,-1,-1,-1,-1,-1,21.776384,1,21.841921
446,64,64,-1,-1,-1,-1,-1,21.753857,1,21.817345
447,64,64,-1,-1,-1,-1,-1,21.769217,1,21.835775
448,64,64,-1,-1,-1,-1,-1,21.788671,1,21.84704
449,64,64,-1,-1,-1,-1,-1,21.778433,1,21.837824
450,64,64,-1,-1,-1,-1,-1,21.784576,1,21.85216
451,64,64,-1,-1,-1,-1,-1,21.79072,1,21.858303
452,64,64,-1,-1,-1,-1,-1,21.776384,1,21.842943
453,64,64,-1,-1,-1,-1,-1,21.809153,1,21.866495
454,64,64,-1,-1,-1,-1,-1,21.814272,1,21.874687
455,64,64,-1,-1,-1,-1,-1,21.818369,1,21.886976
456,64,64,-1,-1,-1,-1,-1,21.811199,1,21.87776
457,64,64,-1,-1,-1,-1,-1,21.798912,1,21.866495
458,64,64,-1,-1,-1,-1,-1,21.809153,1,21.876736
459,64,64,-1,-1,-1,-1,-1,21.818369,1,21.885952
460,64,64,-1,-1,-1,-1,-1,21.857281,1,21.92384
461,64,64,-1,-1,-1,-1,-1,21.829632,1,21.896193
462,64,64,-1,-1,-1,-1,-1,21.828608,1,21.895168
463,64,64,-1,-1,-1,-1,-1,21.825537,1,21.892096
464,64,64,-1,-1,-1,-1,-1,21.853184,1,21.919744
465,64,64,-1,-1,-1,-1,-1,21.85216,1,21.91872
466,64,64,-1,-1,-1,-1,-1,21.866495,1,21.93408
467,64,64,-1,-1,-1,-1,-1,21.868544,1,21.935104
468,64,64,-1,-1,-1,-1,-1,21.878784,1,21.946367
469,64,64,-1,-1,-1,-1,-1,21.89312,1,21.952513
470,64,64,-1,-1,-1,-1,-1,21.888,1,21.955584
471,64,64,-1,-1,-1,-1,-1,21.875711,1,21.943296
472,64,64,-1,-1,-1,-1,-1,21.916672,1,21.985279
473,64,64,-1,-1,-1,-1,-1,21.896193,1,21.961727
474,64,64,-1,-1,-1,-1,-1,21.91872,1,21.985279
475,64,64,-1,-1,-1,-1,-1,21.932032,1,21.999617
476,64,64,-1,-1,-1,-1,-1,21.898239,1,21.965824
477,64,64,-1,-1,-1,-1,-1,21.93408,1,22.000641
478,64,64,-1,-1,-1,-1,-1,21.905409,1,21.970943
479,64,64,-1,-1,-1,-1,-1,21.939199,1,22.006784
480,64,64,-1,-1,-1,-1,-1,21.935104,1,22.003712
481,64,64,-1,-1,-1,-1,-1,21.948416,1,22.017023
482,64,1072,-1,-1,-1,-1,-1,-1,0,92.635139
483,64,64,-1,-1,-1,-1,-1,22.283264,1,22.348801
484,64,64,-1,-1,-1,-1,-1,22.13888,1,22.199297
485,64,1072,-1,-1,-1,-1,-1,-1,0,92.801025
486,64,64,-1,-1,-1,-1,-1,22.265856,1,22.333441
487,64,64,-1,-1,-1,-1,-1,22.147072,1,22.214657
488,64,1072,-1,-1,-1,-1,-1,-1,0,93.355011
489,64,1072,-1,-1,-1,-1,-1,-1,0,94.036995
490,64,64,-1,-1,-1,-1,-1,22.318081,1,22.386688
491,64,1072,-1,-1,-1,-1,-1,-1,0,93.138947
492,64,1072,-1,-1,-1,-1,-1,-1,0,94.16806
493,64,64,-1,-1,-1,-1,-1,22.298624,1,22.364161
494,64,3088,-1,-1,-1,-1,-1,-1,0,212.790268
495,64,1072,-1,-1,-1,-1,-1,-1,0,94.742531
496,64,64,-1,-1,-1,-1,-1,22.303743,1,22.372353
497,64,64,-1,-1,-1,-1,-1,22.130688,1,22.197248
498,64,1072,-1,-1,-1,-1,-1,-1,0,93.209602
499,64,2080,-1,-1,-1,-1,-1,-1,0,155.788284
500,64,1072,-1,-1,-1,-1,-1,-1,0,94.872574
501,64,2080,-1,-1,-1,-1,-1,-1,0,156.506119
502,64,1072,-1,-1,-1,-1,-1,-1,0,94.092285
503,64,3087,-1,-1,-1,-1,-1,-1,0,215.316483
504,64,2080,-1,-1,-1,-1,-1,-1,0,157.855743
505,64,1072,-1,-1,-1,-1,-1,-1,0,93.768707
506,64,3087,-1,-1,-1,-1,-1,-1,0,213.801987
507,64,2080,-1,-1,-1,-1,-1,-1,0,156.902405
508,64,64,-1,-1,-1,-1,-1,22.324224,1,22.392832
509,64,64,-1,-1,-1,-1,-1,22.068224,1,22.135809
510,64,3088,-1,-1,-1,-1,-1,-1,0,213.306366
511,64,1072,-1,-1,-1,-1,-1,-1,0,94.666756
512,64,2080,-1,-1,-1,-1,-1,-1,0,156.835846
513,64,4094,-1,-1,-1,-1,-1,-1,0,268.599304
514,64,2080,-1,-1,-1,-1,-1,-1,0,156.090363
515,64,64,-1,-1,-1,-1,-1,22.143999,1,22.204416
516,64,2047,-1,-1,-1,-1,-1,-1,0,146.030594
517,64,1072,-1,-1,-1,-1,-1,-1,0,94.083069
518,64,1072,-1,-1,-1,-1,-1,-1,0,93.127678
519,64,1072,-1,-1,-1,-1,-1,-1,0,93.063171
520,64,64,-1,-1,-1,-1,-1,22.201344,1,22.270975
521,64,1071,-1,-1,-1,-1,-1,-1,0,92.42112
522,64,64,-1,-1,-1,-1,-1,22.238209,1,22.305792
523,64,64,-1,-1,-1,-1,-1,22.000641,1,22.061056
524,64,1072,-1,-1,-1,-1,-1,-1,0,92.013565
525,64,1072,-1,-1,-1,-1,-1,-1,0,93.105148
526,64,3088,-1,-1,-1,-1,-1,-1,0,214.181885
527,64,1072,-1,-1,-1,-1,-1,-1,0,93.823997
528,64,1072,-1,-1,-1,-1,-1,-1,0,93.218819
529,64,1072,-1,-1,-1,-1,-1,-1,0,93.20755
530,64,64,-1,-1,-1,-1,-1,22.111233,1,22.17984
531,64,64,-1,-1,-1,-1,-1,21.92384,1,21.984257
532,64,1072,-1,-1,-1,-1,-1,-1,0,91.942909
533,64,1072,-1,-1,-1,-1,-1,-1,0,93.752319
534,64,2080,-1,-1,-1,-1,-1,-1,0,155.92038
535,64,1072,-1,-1,-1,-1,-1,-1,0,93.384705
536,64,64,-1,-1,-1,-1,-1,22.097919,1,22.165504
537,64,1072,-1,-1,-1,-1,-1,-1,0,92.137474
538,64,64,-1,-1,-1,-1,-1,22.104065,1,22.170624
539,64,64,-1,-1,-1,-1,-1,21.947392,1,22.014977
540,64,64,-1,-1,-1,-1,-1,21.841921,1,21.900288
541,64,1072,-1,-1,-1,-1,-1,-1,0,91.662338
542,64,64,-1,-1,-1,-1,-1,22.202368,1,22.269953
543,64,64,-1,-1,-1,-1,-1,21.953535,1,22.013952
544,64,64,-1,-1,-1,-1,-1,21.865473,1,21.924864
545,64,64,-1,-1,-1,-1,-1,21.807104,1,21.863424
546,64,64,-1,-1,-1,-1,-1,21.794815,1,21.861376
547,64,64,-1,-1,-1,-1,-1,21.825537,1,21.891071
548,64,64,-1,-1,-1,-1,-1,21.742592,1,21.810177
549,64,1071,-1,-1,-1,-1,-1,-1,0,92.021759
550,64,1072,-1,-1,-1,-1,-1,-1,0,93.925377
551,64,64,-1,-1,-1,-1,-1,22.130688,1,22.197248
552,64,64,-1,-1,-1,-1,-1,21.93408,1,21.992449
553,64,64,-1,-1,-1,-1,-1,21.872641,1,21.940224
554,64,64,-1,-1,-1,-1,-1,21.84704,1,21.913601
555,64,64,-1,-1,-1,-1,-1,21.844992,1,21.912577
556,64,64,-1,-1,-1,-1,-1,21.861376,1,21.927937
557,64,64,-1,-1,-1,-1,-1,21.804031,1,21.863424
558,64,64,-1,-1,-1,-1,-1,21.74976,1,21.819391
559,64,64,-1,-1,-1,-1,-1,21.764095,1,21.823488
560,64,1072,-1,-1,-1,-1,-1,-1,0,91.953156
561,64,64,-1,-1,-1,-1,-1,22.244352,1,22.311935
562,64,64,-1,-1,-1,-1,-1,21.998592,1,22.069248
563,64,64,-1,-1,-1,-1,-1,21.905409,1,21.963776
564,64,64,-1,-1,-1,-1,-1,21.837824,1,21.907455
565,64,64,-1,-1,-1,-1,-1,21.846016,1,21.912577
566,64,64,-1,-1,-1,-1,-1,21.846016,1,21.905409
567,64,64,-1,-1,-1,-1,-1,21.793793,1,21.853184
568,64,64,-1,-1,-1,-1,-1,21.789696,1,21.849089
569,64,64,-1,-1,-1,-1,-1,21.80608,1,21.872641
570,64,64,-1,-1,-1,-1,-1,21.807104,1,21.872641
571,64,64,-1,-1,-1,-1,-1,21.814272,1,21.880833
572,64,64,-1,-1,-1,-1,-1,21.820415,1,21.888
573,64,64,-1,-1,-1,-1,-1,21.798912,1,21.864449
574,64,64,-1,-1,-1,-1,-1,21.805056,1,21.873665
575,64,64,-1,-1,-1,-1,-1,21.795839,1,21.8624
576,64,64,-1,-1,-1,-1,-1,21.794815,1,21.854208
577,64,64,-1,-1,-1,-1,-1,21.796864,1,21.864449
578,64,64,-1,-1,-1,-1,-1,21.832705,1,21.900288
579,64,64,-1,-1,-1,-1,-1,21.83168,1,21.892096
580,64,64,-1,-1,-1,-1,-1,21.844992,1,21.902336
581,64,64,-1,-1,-1,-1,-1,21.865473,1,21.933056
582,64,64,-1,-1,-1,-1,-1,21.849089,1,21.909504
583,64,64,-1,-1,-1,-1,-1,21.861376,1,21.928961
584,64,64,-1,-1,-1,-1,-1,21.84704,1,21.915648
585,64,64,-1,-1,-1,-1,-1,21.871616,1,21.938175
586,64,64,-1,-1,-1,-1,-1,21.872641,1,21.940224
587,64,64,-1,-1,-1,-1,-1,21.864449,1,21.922815
588,64,64,-1,-1,-1,-1,-1,21.856256,1,21.920769
589,64,64,-1,-1,-1,-1,-1,21.871616,1,21.939199
590,64,64,-1,-1,-1,-1,-1,21.876736,1,21.944321
591,64,64,-1,-1,-1,-1,-1,21.870592,1,21.938175
592,64,64,-1,-1,-1,-1,-1,21.899263,1,21.958656
593,64,64,-1,-1,-1,-1,-1,21.913601,1,21.979136
594,64,64,-1,-1,-1,-1,-1,21.898239,1,21.956608
595,64,64,-1,-1,-1,-1,-1,21.922815,1,21.988352
596,64,64,-1,-1,-1,-1,-1,21.909504,1,21.977089
597,64,64,-1,-1,-1,-1,-1,21.928961,1,21.997568
598,64,64,-1,-1,-1,-1,-1,21.935104,1,22.002687
599,64,64,-1,-1,-1,-1,-1,21.926912,1,21.994495
600,64,64,-1,-1,-1,-1,-1,21.936129,1,22.003712
601,64,64,-1,-1,-1,-1,-1,21.945345,1,22.011904
602,64,64,-1,-1,-1,-1,-1,21.959681,1,22.020096
603,64,64,-1,-1,-1,-1,-1,21.971968,1,22.037504
604,64,64,-1,-1,-1,-1,-1,21.946367,1,22.013952
605,64,64,-1,-1,-1,-1,-1,21.972992,1,22.038528
606,64,64,-1,-1,-1,-1,-1,21.979136,1,22.045696
607,64,64,-1,-1,-1,-1,-1,21.974016,1,22.033407
608,64,2079,-1,-1,-1,-1,-1,-1,0,154.576889
609,64,1072,-1,-1,-1,-1,-1,-1,0,94.620674
610,64,64,-1,-1,-1,-1,-1,22.324224,1,22.383615
611,64,1072,-1,-1,-1,-1,-1,-1,0,93.323265
612,64,64,-1,-1,-1,-1,-1,22.265856,1,22.335487
613,64,1072,-1,-1,-1,-1,-1,-1,0,93.172737
614,64,64,-1,-1,-1,-1,-1,22.319103,1,22.377472
615,64,3087,-1,-1,-1,-1,-1,-1,0,213.899261
616,64,64,-1,-1,-1,-1,-1,22.500353,1,22.567936
617,64,1071,-1,-1,-1,-1,-1,-1,0,93.330429
618,64,1072,-1,-1,-1,-1,-1,-1,0,94.038017
619,64,64,-1,-1,-1,-1,-1,22.286337,1,22.346752
620,64,1072,-1,-1,-1,-1,-1,-1,0,93.197311
621,64,64,-1,-1,-1,-1,-1,22.26688,1,22.333441
622,64,64,-1,-1,-1,-1,-1,22.117376,1,22.184959
623,64,1072,-1,-1,-1,-1,-1,-1,0,93.311996
624,64,1072,-1,-1,-1,-1,-1,-1,0,94.100479
625,64,64,-1,-1,-1,-1,-1,22.310911,1,22.376448
626,64,1072,-1,-1,-1,-1,-1,-1,0,93.46048
627,64,1072,-1,-1,-1,-1,-1,-1,0,94.594048
628,64,1072,-1,-1,-1,-1,-1,-1,0,94.005249
629,64,64,-1,-1,-1,-1,-1,22.286337,1,22.35392
630,64,64,-1,-1,-1,-1,-1,22.117376,1,22.178816
631,64,1072,-1,-1,-1,-1,-1,-1,0,92.751869
632,64,1072,-1,-1,-1,-1,-1,-1,0,94.064636
633,64,3088,-1,-1,-1,-1,-1,-1,0,215.184387
634,64,64,-1,-1,-1,-1,-1,22.401024,1,22.469631
635,64,2080,-1,-1,-1,-1,-1,-1,0,155.383804
636,64,1072,-1,-1,-1,-1,-1,-1,0,94.454781
637,64,1072,-1,-1,-1,-1,-1,-1,0,93.818878
638,64,4096,-1,-1,-1,-1,-1,-1,0,271.354889
639,64,64,-1,-1,-1,-1,-1,22.284288,1,22.352896
640,64,64,-1,-1,-1,-1,-1,22.071297,1,22.131712
641,64,2032,-1,-1,-1,-1,-1,-1,0,146.245636
642,64,1072,-1,-1,-1,-1,-1,-1,0,94.440445
643,64,2080,-1,-1,-1,-1,-1,-1,0,155.885574
644,64,2080,-1,-1,-1,-1,-1,-1,0,156.383224
645,64,2080,-1,-1,-1,-1,-1,-1,0,156.383224
646,64,2080,-1,-1,-1,-1,-1,-1,0,156.261383
647,64,1072,-1,-1,-1,-1,-1,-1,0,94.513153
648,64,3088,-1,-1,-1,-1,-1,-1,0,214.8311
649,64,1072,-1,-1,-1,-1,-1,-1,0,94.36467
650,64,64,-1,-1,-1,-1,-1,22.209536,1,22.269953
651,64,1072,-1,-1,-1,-1,-1,-1,0,92.602371
652,64,2080,-1,-1,-1,-1,-1,-1,0,156.057602
653,64,3088,-1,-1,-1,-1,-1,-1,0,214.797318
654,64,2080,-1,-1,-1,-1,-1,-1,0,156.601349
655,64,64,-1,-1,-1,-1,-1,22.200319,1,22.26688
656,64,64,-1,-1,-1,-1,-1,21.937153,1,22.00576
657,64,1072,-1,-1,-1,-1,-1,-1,0,92.126205
658,64,2080,-1,-1,-1,-1,-1,-1,0,155.795456
659,64,1072,-1,-1,-1,-1,-1,-1,0,92.869629
660,64,1072,-1,-1,-1,-1,-1,-1,0,93.62944
661,64,64,-1,-1,-1,-1,-1,22.15424,1,22.222849
662,64,64,-1,-1,-1,-1,-1,21.920769,1,21.988352
663,64,64,-1,-1,-1,-1,-1,21.833729,1,21.892096
664,64,64,-1,-1,-1,-1,-1,21.786625,1,21.844992
665,64,64,-1,-1,-1,-1,-1,21.818369,1,21.885952
666,64,64,-1,-1,-1,-1,-1,21.829632,1,21.898239
667,64,64,-1,-1,-1,-1,-1,21.771263,1,21.830656
668,64,64,-1,-1,-1,-1,-1,21.754881,1,21.822464
669,64,64,-1,-1,-1,-1,-1,21.79072,1,21.850113
670,64,64,-1,-1,-1,-1,-1,21.742592,1,21.810177
671,64,64,-1,-1,-1,-1,-1,21.753857,1,21.820415
672,64,64,-1,-1,-1,-1,-1,21.747711,1,21.807104
673,64,64,-1,-1,-1,-1,-1,21.738497,1,21.796864
674,64,1072,-1,-1,-1,-1,-1,-1,0,91.699203
675,64,64,-1,-1,-1,-1,-1,22.10816,1,22.178816
676,64,1072,-1,-1,-1,-1,-1,-1,0,92.455933
677,64,1071,-1,-1,-1,-1,-1,-1,0,93.553665
678,64,64,-1,-1,-1,-1,-1,22.155264,1,22.221825
679,64,64,-1,-1,-1,-1,-1,21.989376,1,22.056959
680,64,64,-1,-1,-1,-1,-1,21.885952,1,21.954559
681,64,64,-1,-1,-1,-1,-1,21.795839,1,21.855232
682,64,64,-1,-1,-1,-1,-1,21.840897,1,21.90848
683,64,1072,-1,-1,-1,-1,-1,-1,0,91.748352
684,64,1072,-1,-1,-1,-1,-1,-1,0,94.344193
685,64,64,-1,-1,-1,-1,-1,22.203392,1,22.263807
686,64,64,-1,-1,-1,-1,-1,22.006784,1,22.076416
687,64,1072,-1,-1,-1,-1,-1,-1,0,92.115967
688,64,64,-1,-1,-1,-1,-1,22.175743,1,22.243328
689,64,64,-1,-1,-1,-1,-1,22.008833,1,22.069248
690,64,64,-1,-1,-1,-1,-1,21.915648,1,21.984257
691,64,64,-1,-1,-1,-1,-1,21.869568,1,21.937153
692,64,64,-1,-1,-1,-1,-1,21.871616,1,21.939199
693,64,64,-1,-1,-1,-1,-1,21.865473,1,21.932032
694,64,64,-1,-1,-1,-1,-1,21.80608,1,21.873665
695,64,64,-1,-1,-1,-1,-1,21.79072,1,21.858303
696,64,64,-1,-1,-1,-1,-1,21.768192,1,21.835775
697,64,64,-1,-1,-1,-1,-1,21.791744,1,21.851135
698,64,64,-1,-1,-1,-1,-1,21.805056,1,21.865473
699,64,64,-1,-1,-1,-1,-1,21.801985,1,21.869568
700,64,64,-1,-1,-1,-1,-1,21.810177,1,21.87776
701,64,64,-1,-1,-1,-1,-1,21.795839,1,21.863424
702,64,64,-1,-1,-1,-1,-1,21.823488,1,21.883904
703,64,64,-1,-1,-1,-1,-1,21.827583,1,21.895168
704,64,64,-1,-1,-1,-1,-1,21.822464,1,21.889025
705,64,64,-1,-1,-1,-1,-1,21.855232,1,21.920769
706,64,64,-1,-1,-1,-1,-1,21.833729,1,21.901312
707,64,64,-1,-1,-1,-1,-1,21.843967,1,21.912577
708,64,64,-1,-1,-1,-1,-1,21.844992,1,21.911552
709,64,64,-1,-1,-1,-1,-1,21.855232,1,21.919744
710,64,64,-1,-1,-1,-1,-1,21.85216,1,21.919744
711,64,64,-1,-1,-1,-1,-1,21.869568,1,21.927937
712,64,64,-1,-1,-1,-1,-1,21.859327,1,21.920769
713,64,64,-1,-1,-1,-1,-1,21.874687,1,21.942272
714,64,64,-1,-1,-1,-1,-1,21.881857,1,21.950464
715,64,64,-1,-1,-1,-1,-1,21.875711,1,21.936129
716,64,64,-1,-1,-1,-1,-1,21.864449,1,21.932032
717,64,64,-1,-1,-1,-1,-1,21.900288,1,21.960705
718,64,64,-1,-1,-1,-1,-1,21.886976,1,21.952513
719,64,64,-1,-1,-1,-1,-1,21.902336,1,21.974016
720,64,64,-1,-1,-1,-1,-1,21.90848,1,21.974016
721,64,64,-1,-1,-1,-1,-1,21.895168,1,21.960705
722,64,64,-1,-1,-1,-1,-1,21.915648,1,21.976065
723,64,64,-1,-1,-1,-1,-1,21.909504,1,21.976065
724,64,64,-1,-1,-1,-1,-1,21.9648,1,22.025215
725,64,64,-1,-1,-1,-1,-1,21.916672,1,21.981184
726,64,1072,-1,-1,-1,-1,-1,-1,0,92.624893
727,64,64,-1,-1,-1,-1,-1,22.267904,1,22.334463
728,64,64,-1,-1,-1,-1,-1,22.117376,1,22.185984
729,64,64,-1,-1,-1,-1,-1,22.060032,1,22.118401
730,64,64,-1,-1,-1,-1,-1,22.056959,1,22.124544
731,64,64,-1,-1,-1,-1,-1,22.042624,1,22.110209
732,64,64,-1,-1,-1,-1,-1,22.040577,1,22.10816
733,64,1072,-1,-1,-1,-1,-1,-1,0,92.86554
734,64,64,-1,-1,-1,-1,-1,22.362112,1,22.431744
735,64,64,-1,-1,-1,-1,-1,22.205441,1,22.274048
736,64,1072,-1,-1,-1,-1,-1,-1,0,93.104126
737,64,64,-1,-1,-1,-1,-1,22.350847,1,22.417408
738,64,64,-1,-1,-1,-1,-1,22.1952,1,22.263807
739,64,1072,-1,-1,-1,-1,-1,-1,0,93.038589
740,64,64,-1,-1,-1,-1,-1,22.345728,1,22.414335
741,64,1071,-1,-1,-1,-1,-1,-1,0,93.32634
742,64,64,-1,-1,-1,-1,-1,22.319103,1,22.378496
743,64,64,-1,-1,-1,-1,-1,22.16448,1,22.231039
744,64,3088,-1,-1,-1,-1,-1,-1,0,214.116348
745,64,1072,-1,-1,-1,-1,-1,-1,0,95.197182
746,64,64,-1,-1,-1,-1,-1,22.294527,1,22.363136
747,64,1072,-1,-1,-1,-1,-1,-1,0,93.806595
748,64,1072,-1,-1,-1,-1,-1,-1,0,94.544899
749,64,2080,-1,-1,-1,-1,-1,-1,0,156.561401
750,64,3087,-1,-1,-1,-1,-1,-1,0,213.970947
751,64,64,-1,-1,-1,-1,-1,22.387712,1,22.45632
752,64,2063,-1,-1,-1,-1,-1,-1,0,155.123718
753,64,64,-1,-1,-1,-1,-1,22.30784,1,22.375423
754,64,1072,-1,-1,-1,-1,-1,-1,0,93.139969
755,64,64,-1,-1,-1,-1,-1,22.348801,1,22.417408
756,64,1072,-1,-1,-1,-1,-1,-1,0,93.069313
757,64,1072,-1,-1,-1,-1,-1,-1,0,94.069763
758,64,1071,-1,-1,-1,-1,-1,-1,0,94.557182
759,64,64,-1,-1,-1,-1,-1,22.309889,1,22.375423
760,64,1072,-1,-1,-1,-1,-1,-1,0,93.20755
761,64,1072,-1,-1,-1,-1,-1,-1,0,94.510078
762,64,3087,-1,-1,-1,-1,-1,-1,0,215.071747
763,64,64,-1,-1,-1,-1,-1,22.31296,1,22.373377
764,64,3088,-1,-1,-1,-1,-1,-1,0,214.254593
765,64,1072,-1,-1,-1,-1,-1,-1,0,94.188545
766,64,1072,-1,-1,-1,-1,-1,-1,0,94.391296
767,64,1072,-1,-1,-1,-1,-1,-1,0,93.588478
768,64,2080,-1,-1,-1,-1,-1,-1,0,156.216324
769,64,4096,-1,-1,-1,-1,-1,-1,0,269.009918
770,64,64,-1,-1,-1,-1,-1,22.217728,1,22.286337
771,64,2079,-1,-1,-1,-1,-1,-1,0,154.841095
772,64,2080,-1,-1,-1,-1,-1,-1,0,156.05658
773,64,64,-1,-1,-1,-1,-1,22.175743,1,22.242304
774,64,2079,-1,-1,-1,-1,-1,-1,0,154.345474
775,64,1072,-1,-1,-1,-1,-1,-1,0,93.853699
776,64,1072,-1,-1,-1,-1,-1,-1,0,93.256706
777,64,64,-1,-1,-1,-1,-1,22.180864,1,22.247423
778,64,64,-1,-1,-1,-1,-1,22.000641,1,22.060032
779,64,1072,-1,-1,-1,-1,-1,-1,0,92.393471
780,64,2079,-1,-1,-1,-1,-1,-1,0,156.423172
781,64,64,-1,-1,-1,-1,-1,22.172672,1,22.239231
782,64,2080,-1,-1,-1,-1,-1,-1,0,154.651642
783,64,64,-1,-1,-1,-1,-1,22.226944,1,22.293505
784,64,64,-1,-1,-1,-1,-1,21.942272,1,22.008833
785,64,2080,-1,-1,-1,-1,-1,-1,0,154.163193
786,64,64,-1,-1,-1,-1,-1,22.227968,1,22.2976
787,64,64,-1,-1,-1,-1,-1,21.969919,1,22.029312
788,64,64,-1,-1,-1,-1,-1,21.895168,1,21.955584
789,64,64,-1,-1,-1,-1,-1,21.832705,1,21.892096
790,64,1072,-1,-1,-1,-1,-1,-1,0,91.805695
791,64,64,-1,-1,-1,-1,-1,22.21056,1,22.278145
792,64,1072,-1,-1,-1,-1,-1,-1,0,92.234749
793,64,64,-1,-1,-1,-1,-1,22.135809,1,22.202368
794,64,64,-1,-1,-1,-1,-1,21.99552,1,22.055937
795,64,64,-1,-1,-1,-1,-1,21.878784,1,21.938175
796,64,2080,-1,-1,-1,-1,-1,-1,0,153.87648
797,64,64,-1,-1,-1,-1,-1,22.240255,1,22.30784
798,64,1071,-1,-1,-1,-1,-1,-1,0,92.351486
799,64,1072,-1,-1,-1,-1,-1,-1,0,94.249985
800,64,64,-1,-1,-1,-1,-1,22.135809,1,22.205441
801,64,64,-1,-1,-1,-1,-1,21.972992,1,22.041599
802,64,64,-1,-1,-1,-1,-1,21.814272,1,21.879808
803,64,64,-1,-1,-1,-1,-1,21.796864,1,21.863424
804,64,64,-1,-1,-1,-1,-1,21.843967,1,21.910528
805,64,64,-1,-1,-1,-1,-1,21.861376,1,21.927937
806,64,64,-1,-1,-1,-1,-1,21.763071,1,21.828608
807,64,1072,-1,-1,-1,-1,-1,-1,0,92.115967
808,64,64,-1,-1,-1,-1,-1,22.248447,1,22.315008
809,64,2080,-1,-1,-1,-1,-1,-1,0,154.631165
810,64,64,-1,-1,-1,-1,-1,22.201344,1,22.269953
811,64,64,-1,-1,-1,-1,-1,21.998592,1,22.057983
812,64,64,-1,-1,-1,-1,-1,21.896193,1,21.957632
813,64,64,-1,-1,-1,-1,-1,21.856256,1,21.92384
814,64,64,-1,-1,-1,-1,-1,21.872641,1,21.941248
815,64,64,-1,-1,-1,-1,-1,21.872641,1,21.932032
816,64,1072,-1,-1,-1,-1,-1,-1,0,91.965439
817,64,64,-1,-1,-1,-1,-1,22.223871,1,22.291456
818,64,64,-1,-1,-1,-1,-1,21.988352,1,22.054913
819,64,64,-1,-1,-1,-1,-1,21.952513,1,22.019072
820,64,64,-1,-1,-1,-1,-1,21.878784,1,21.944321
821,64,64,-1,-1,-1,-1,-1,21.883904,1,21.948416
822,64,64,-1,-1,-1,-1,-1,21.863424,1,21.932032
823,64,64,-1,-1,-1,-1,-1,21.800961,1,21.859327
824,64,64,-1,-1,-1,-1,-1,21.79072,1,21.858303
825,64,64,-1,-1,-1,-1,-1,21.778433,1,21.844992
826,64,64,-1,-1,-1,-1,-1,21.796864,1,21.863424
827,64,64,-1,-1,-1,-1,-1,21.80608,1,21.872641
828,64,64,-1,-1,-1,-1,-1,21.832705,1,21.890047
829,64,64,-1,-1,-1,-1,-1,21.834751,1,21.892096
830,64,64,-1,-1,-1,-1,-1,21.824512,1,21.882879
831,64,64,-1,-1,-1,-1,-1,21.848064,1,21.913601
832,64,64,-1,-1,-1,-1,-1,21.824512,1,21.891071
833,64,64,-1,-1,-1,-1,-1,21.855232,1,21.912577
834,64,64,-1,-1,-1,-1,-1,21.811199,1,21.87776
835,64,64,-1,-1,-1,-1,-1,21.833729,1,21.900288
836,64,64,-1,-1,-1,-1,-1,21.865473,1,21.932032
837,64,64,-1,-1,-1,-1,-1,21.890047,1,21.954559
838,64,64,-1,-1,-1,-1,-1,21.886976,1,21.945345
839,64,64,-1,-1,-1,-1,-1,21.867519,1,21.93408
840,64,64,-1,-1,-1,-1,-1,21.872641,1,21.932032
841,64,64,-1,-1,-1,-1,-1,21.894144,1,21.959681
842,64,64,-1,-1,-1,-1,-1,21.898239,1,21.966848
843,64,64,-1,-1,-1,-1,-1,21.884928,1,21.950464
844,64,64,-1,-1,-1,-1,-1,21.907455,1,21.97504
845,64,64,-1,-1,-1,-1,-1,21.90848,1,21.976065
846,64,64,-1,-1,-1,-1,-1,21.907455,1,21.974016
847,64,64,-1,-1,-1,-1,-1,21.922815,1,21.987328
848,64,64,-1,-1,-1,-1,-1,21.931007,1,21.999617
849,64,64,-1,-1,-1,-1,-1,21.916672,1,21.983232
850,64,64,-1,-1,-1,-1,-1,21.919744,1,21.984257
851,64,64,-1,-1,-1,-1,-1,21.940224,1,22.00576
852,64,64,-1,-1,-1,-1,-1,21.940224,1,22.006784
853,64,64,-1,-1,-1,-1,-1,21.952513,1,22.019072
854,64,64,-1,-1,-1,-1,-1,21.940224,1,22.007809
855,64,1071,-1,-1,-1,-1,-1,-1,0,92.734467
856,64,1072,-1,-1,-1,-1,-1,-1,0,94.679039
857,64,1072,-1,-1,-1,-1,-1,-1,0,94.466049
858,64,2079,-1,-1,-1,-1,-1,-1,0,156.500992
859,64,64,-1,-1,-1,-1,-1,22.326271,1,22.392832
860,64,64,-1,-1,-1,-1,-1,22.14912,1,22.217728
861,64,1072,-1,-1,-1,-1,-1,-1,0,92.855293
862,64,64,-1,-1,-1,-1,-1,22.31296,1,22.37952
863,64,1072,-1,-1,-1,-1,-1,-1,0,93.34272
864,64,64,-1,-1,-1,-1,-1,22.419456,1,22.48704
865,64,64,-1,-1,-1,-1,-1,22.157312,1,22.223871
866,64,2080,-1,-1,-1,-1,-1,-1,0,155.267075
867,64,64,-1,-1,-1,-1,-1,22.445057,1,22.51264
868,64,1072,-1,-1,-1,-1,-1,-1,0,93.513725
869,64,64,-1,-1,-1,-1,-1,22.318081,1,22.376448
870,64,1072,-1,-1,-1,-1,-1,-1,0,93.161469
871,64,64,-1,-1,-1,-1,-1,22.270975,1,22.33856
872,64,64,-1,-1,-1,-1,-1,22.098944,1,22.167553
873,64,64,-1,-1,-1,-1,-1,22.046721,1,22.114304
874,64,2080,-1,-1,-1,-1,-1,-1,0,155.220993
875,64,2080,-1,-1,-1,-1,-1,-1,0,156.801025
876,64,1072,-1,-1,-1,-1,-1,-1,0,94.469116
877,64,64,-1,-1,-1,-1,-1,22.291456,1,22.356993
878,64,1072,-1,-1,-1,-1,-1,-1,0,92.906494
879,64,1071,-1,-1,-1,-1,-1,-1,0,94.484482
880,64,3087,-1,-1,-1,-1,-1,-1,0,214.989822
881,64,64,-1,-1,-1,-1,-1,22.320127,1,22.389759
882,64,64,-1,-1,-1,-1,-1,22.167553,1,22.238209
883,64,2080,-1,-1,-1,-1,-1,-1,0,154.759171
884,64,64,-1,-1,-1,-1,-1,22.248447,1,22.316032
885,64,64,-1,-1,-1,-1,-1,22.086657,1,22.153215
886,64,2079,-1,-1,-1,-1,-1,-1,0,154.980347
887,64,64,-1,-1,-1,-1,-1,22.315008,1,22.383615
888,64,4095,-1,-1,-1,-1,-1,-1,0,267.813873
889,64,1072,-1,-1,-1,-1,-1,-1,0,94.929916
890,64,64,-1,-1,-1,-1,-1,22.276096,1,22.344704
891,64,64,-1,-1,-1,-1,-1,22.089727,1,22.158337
892,64,3088,-1,-1,-1,-1,-1,-1,0,214.255615
893,64,1072,-1,-1,-1,-1,-1,-1,0,94.371841
894,64,64,-1,-1,-1,-1,-1,22.249472,1,22.315008
895,64,2080,-1,-1,-1,-1,-1,-1,0,154.760193
896,64,64,-1,-1,-1,-1,-1,22.247423,1,22.317057
897,64,1072,-1,-1,-1,-1,-1,-1,0,92.715012
898,64,1072,-1,-1,-1,-1,-1,-1,0,94.231552
899,64,3088,-1,-1,-1,-1,-1,-1,0,214.672379
900,64,64,-1,-1,-1,-1,-1,22.204416,1,22.273024
901,64,64,-1,-1,-1,-1,-1,22.013952,1,22.059008
902,64,2080,-1,-1,-1,-1,-1,-1,0,154.66188
903,64,1072,-1,-1,-1,-1,-1,-1,0,93.876221
904,64,64,-1,-1,-1,-1,-1,22.21056,1,22.278145
905,64,64,-1,-1,-1,-1,-1,22.011904,1,22.080511
906,64,1072,-1,-1,-1,-1,-1,-1,0,92.78054
907,64,3903,-1,-1,-1,-1,-1,-1,0,261.042175
908,64,1072,-1,-1,-1,-1,-1,-1,0,94.467072
909,64,64,-1,-1,-1,-1,-1,22.173697,1,22.24128
910,64,1072,-1,-1,-1,-1,-1,-1,0,92.806145
911,64,64,-1,-1,-1,-1,-1,22.217728,1,22.286337
912,64,1072,-1,-1,-1,-1,-1,-1,0,92.492798
913,64,64,-1,-1,-1,-1,-1,22.142977,1,22.211584
914,64,1071,-1,-1,-1,-1,-1,-1,0,92.292099
915,64,2079,-1,-1,-1,-1,-1,-1,0,156.250107
916,64,64,-1,-1,-1,-1,-1,22.204416,1,22.273024
917,64,64,-1,-1,-1,-1,-1,21.998592,1,22.045696
918,64,1072,-1,-1,-1,-1,-1,-1,0,91.953156
919,64,1072,-1,-1,-1,-1,-1,-1,0,93.76461
920,64,64,-1,-1,-1,-1,-1,22.172672,1,22.240255
921,64,1072,-1,-1,-1,-1,-1,-1,0,92.409859
922,64,64,-1,-1,-1,-1,-1,22.206465,1,22.275072
923,64,64,-1,-1,-1,-1,-1,21.919744,1,21.986303
924,64,64,-1,-1,-1,-1,-1,21.84704,1,21.90848
925,64,64,-1,-1,-1,-1,-1,21.823488,1,21.89312
926,64,64,-1,-1,-1,-1,-1,21.832705,1,21.891071
927,64,64,-1,-1,-1,-1,-1,21.824512,1,21.890047
928,64,64,-1,-1,-1,-1,-1,21.76,1,21.819391
929,64,64,-1,-1,-1,-1,-1,21.738497,1,21.805056
930,64,64,-1,-1,-1,-1,-1,21.733376,1,21.799936
931,64,64,-1,-1,-1,-1,-1,21.763071,1,21.830656
932,64,1072,-1,-1,-1,-1,-1,-1,0,91.995132
933,64,1072,-1,-1,-1,-1,-1,-1,0,93.914108
934,64,64,-1,-1,-1,-1,-1,22.187008,1,22.253569
935,64,1072,-1,-1,-1,-1,-1,-1,0,92.413956
936,64,1072,-1,-1,-1,-1,-1,-1,0,93.933571
937,64,64,-1,-1,-1,-1,-1,22.198273,1,22.264832
938,64,1072,-1,-1,-1,-1,-1,-1,0,92.322815
939,64,64,-1,-1,-1,-1,-1,22.253569,1,22.321152
940,64,64,-1,-1,-1,-1,-1,21.984257,1,22.053888
941,64,64,-1,-1,-1,-1,-1,21.878784,1,21.946367
942,64,64,-1,-1,-1,-1,-1,21.846016,1,21.914623
943,64,64,-1,-1,-1,-1,-1,21.844992,1,21.91872
944,64,64,-1,-1,-1,-1,-1,21.860352,1,21.919744
945,64,64,-1,-1,-1,-1,-1,21.8368,1,21.90336
946,64,64,-1,-1,-1,-1,-1,21.781504,1,21.84704
947,64,64,-1,-1,-1,-1,-1,21.826559,1,21.89312
948,64,64,-1,-1,-1,-1,-1,21.798912,1,21.866495
949,64,64,-1,-1,-1,-1,-1,21.792768,1,21.858303
950,64,64,-1,-1,-1,-1,-1,21.804031,1,21.869568
951,64,64,-1,-1,-1,-1,-1,21.825537,1,21.891071
952,64,64,-1,-1,-1,-1,-1,21.813248,1,21.880833
953,64,1071,-1,-1,-1,-1,-1,-1,0,92.05043
954,64,64,-1,-1,-1,-1,-1,22.213633,1,22.28224
955,64,64,-1,-1,-1,-1,-1,22.091776,1,22.160383
956,64,64,-1,-1,-1,-1,-1,21.956608,1,22.022144
957,64,64,-1,-1,-1,-1,-1,21.953535,1,22.020096
958,64,64,-1,-1,-1,-1,-1,21.924864,1,21.985279
959,64,64,-1,-1,-1,-1,-1,21.917696,1,21.986303
960,64,64,-1,-1,-1,-1,-1,21.848064,1,21.917696
961,64,64,-1,-1,-1,-1,-1,21.830656,1,21.898239
962,64,64,-1,-1,-1,-1,-1,21.848064,1,21.916672
963,64,64,-1,-1,-1,-1,-1,21.867519,1,21.936129
964,64,64,-1,-1,-1,-1,-1,21.875711,1,21.943296
965,64,64,-1,-1,-1,-1,-1,21.878784,1,21.946367
966,64,64,-1,-1,-1,-1,-1,21.872641,1,21.932032
967,64,64,-1,-1,-1,-1,-1,21.895168,1,21.954559
968,64,64,-1,-1,-1,-1,-1,21.87776,1,21.938175
969,64,1072,-1,-1,-1,-1,-1,-1,0,92.05043
970,64,64,-1,-1,-1,-1,-1,22.26688,1,22.333441
971,64,64,-1,-1,-1,-1,-1,22.114304,1,22.174721
972,64,64,-1,-1,-1,-1,-1,22.027264,1,22.095873
973,64,64,-1,-1,-1,-1,-1,21.970943,1,22.037504
974,64,64,-1,-1,-1,-1,-1,21.972992,1,22.040577
975,64,1072,-1,-1,-1,-1,-1,-1,0,93.038589
976,64,64,-1,-1,-1,-1,-1,22.31296,1,22.380545
977,64,64,-1,-1,-1,-1,-1,22.143999,1,22.212608
978,64,64,-1,-1,-1,-1,-1,22.034431,1,22.103041
979,64,64,-1,-1,-1,-1,-1,22.022144,1,22.090752
980,64,64,-1,-1,-1,-1,-1,21.999617,1,22.057983
981,64,64,-1,-1,-1,-1,-1,21.996544,1,22.063105
982,64,64,-1,-1,-1,-1,-1,21.955584,1,22.023169
983,64,1072,-1,-1,-1,-1,-1,-1,0,92.305405
984,64,64,-1,-1,-1,-1,-1,22.418432,1,22.488064
985,64,1072,-1,-1,-1,-1,-1,-1,0,93.345795
986,64,64,-1,-1,-1,-1,-1,22.361088,1,22.427649
987,64,64,-1,-1,-1,-1,-1,22.271999,1,22.340609
988,64,64,-1,-1,-1,-1,-1,22.12352,1,22.182913
989,64,1072,-1,-1,-1,-1,-1,-1,0,93.005821
990,64,1072,-1,-1,-1,-1,-1,-1,0,94.019585
991,64,1072,-1,-1,-1,-1,-1,-1,0,93.940735
992,64,64,-1,-1,-1,-1,-1,22.317057,1,22.38464
993,64,1072,-1,-1,-1,-1,-1,-1,0,93.075455
994,64,1072,-1,-1,-1,-1,-1,-1,0,94.429184
995,64,64,-1,-1,-1,-1,-1,22.356993,1,22.423552
996,64,1072,-1,-1,-1,-1,-1,-1,0,93.107201
997,64,64,-1,-1,-1,-1,-1,22.349825,1,22.418432
998,64,1072,-1,-1,-1,-1,-1,-1,0,93.299713
999,64,2080,-1,-1,-1,-1,-1,-1,0,156.918777
1000,64,3088,-1,-1,-1,-1,-1,-1,0,214.993927
1001,64,64,-1,-1,-1,-1,-1,22.467585,1,22.535168
1002,64,64,-1,-1,-1,-1,-1,22.228992,1,22.298624
1003,64,64,-1,-1,-1,-1,-1,22.070272,1,22.134785
1004,64,1072,-1,-1,-1,-1,-1,-1,0,92.588036
1005,64,2080,-1,-1,-1,-1,-1,-1,0,156.619781
1006,64,64,-1,-1,-1,-1,-1,22.310911,1,22.381569
1007,64,64,-1,-1,-1,-1,-1,22.158337,1,22.2208
1008,64,2080,-1,-1,-1,-1,-1,-1,0,155.177979
1009,64,2079,-1,-1,-1,-1,-1,-1,0,156.090363
1010,64,1072,-1,-1,-1,-1,-1,-1,0,94.447617
1011,64,64,-1,-1,-1,-1,-1,22.293505,1,22.360064
1012,64,1072,-1,-1,-1,-1,-1,-1,0,92.898308
1013,64,2080,-1,-1,-1,-1,-1,-1,0,156.8983
1014,64,1072,-1,-1,-1,-1,-1,-1,0,93.532158
1015,64,1072,-1,-1,-1,-1,-1,-1,0,94.331902
1016,64,2080,-1,-1,-1,-1,-1,-1,0,157.278214
1017,64,1072,-1,-1,-1,-1,-1,-1,0,94.756866
1018,64,3088,-1,-1,-1,-1,-1,-1,0,214.706177
1019,64,2080,-1,-1,-1,-1,-1,-1,0,157.624313
1020,64,64,-1,-1,-1,-1,-1,22.289408,1,22.348801
1021,64,1072,-1,-1,-1,-1,-1,-1,0,93.003777
1022,64,64,-1,-1,-1,-1,-1,22.286337,1,22.35392
1023,64,1071,-1,-1,-1,-1,-1,-1,0,92.840958
1024,64,64,-1,-1,-1,-1,-1,22.240255,1,22.309889
1025,64,2080,-1,-1,-1,-1,-1,-1,0,154.982407
1026,64,2080,-1,-1,-1,-1,-1,-1,0,156.097534
1027,64,64,-1,-1,-1,-1,-1,22.213633,1,22.281216
1028,64,1072,-1,-1,-1,-1,-1,-1,0,92.57267
1029,64,1072,-1,-1,-1,-1,-1,-1,0,94.239746
1030,64,64,-1,-1,-1,-1,-1,22.295551,1,22.365185
1031,64,2079,-1,-1,-1,-1,-1,-1,0,154.91687
1032,64,2080,-1,-1,-1,-1,-1,-1,0,156.000259
1033,64,64,-1,-1,-1,-1,-1,22.120447,1,22.189056
1034,64,1072,-1,-1,-1,-1,-1,-1,0,92.381187
1035,64,64,-1,-1,-1,-1,-1,22.111233,1,22.170624
1036,64,64,-1,-1,-1,-1,-1,21.946367,1,22.014977
1037,64,64,-1,-1,-1,-1,-1,21.874687,1,21.942272
1038,64,1072,-1,-1,-1,-1,-1,-1,0,92.391426
1039,64,1072,-1,-1,-1,-1,-1,-1,0,94.041084
1040,64,64,-1,-1,-1,-1,-1,22.257664,1,22.325249
1041,64,64,-1,-1,-1,-1,-1,21.997568,1,22.059008
1042,64,64,-1,-1,-1,-1,-1,21.916672,1,21.984257
1043,64,1071,-1,-1,-1,-1,-1,-1,0,92.155907
1044,64,1072,-1,-1,-1,-1,-1,-1,0,93.952003
1045,64,1072,-1,-1,-1,-1,-1,-1,0,93.922302
1046,64,1072,-1,-1,-1,-1,-1,-1,0,93.372414
1047,64,64,-1,-1,-1,-1,-1,22.166529,1,22.232063
1048,64,64,-1,-1,-1,-1,-1,21.983232,1,22.05184
1049,64,1072,-1,-1,-1,-1,-1,-1,0,92.199936
1050,64,64,-1,-1,-1,-1,-1,22.249472,1,22.317057
1051,64,1071,-1,-1,-1,-1,-1,-1,0,92.495872
1052,64,64,-1,-1,-1,-1,-1,22.189056,1,22.257664
1053,64,1071,-1,-1,-1,-1,-1,-1,0,92.478462
1054,64,64,-1,-1,-1,-1,-1,22.173697,1,22.234112
1055,64,1072,-1,-1,-1,-1,-1,-1,0,92.785667
1056,64,64,-1,-1,-1,-1,-1,22.254593,1,22.3232
1057,64,64,-1,-1,-1,-1,-1,21.94944,1,22.017023
1058,64,64,-1,-1,-1,-1,-1,21.892096,1,21.959681
1059,64,64,-1,-1,-1,-1,-1,21.857281,1,21.902336
1060,64,1072,-1,-1,-1,-1,-1,-1,0,92.109825
1061,64,64,-1,-1,-1,-1,-1,22.172672,1,22.239231
1062,64,64,-1,-1,-1,-1,-1,21.979136,1,22.045696
1063,64,64,-1,-1,-1,-1,-1,21.888,1,21.955584
1064,64,64,-1,-1,-1,-1,-1,21.8368,1,21.907455
1065,64,64,-1,-1,-1,-1,-1,21.834751,1,21.901312
1066,64,1072,-1,-1,-1,-1,-1,-1,0,92.426239
1067,64,64,-1,-1,-1,-1,-1,22.187008,1,22.253569
1068,64,64,-1,-1,-1,-1,-1,22.050816,1,22.118401
1069,64,64,-1,-1,-1,-1,-1,21.902336,1,21.960705
1070,64,64,-1,-1,-1,-1,-1,21.857281,1,21.924864
1071,64,64,-1,-1,-1,-1,-1,21.910528,1,21.977089
1072,64,64,-1,-1,-1,-1,-1,21.890047,1,21.957632
1073,64,64,-1,-1,-1,-1,-1,21.824512,1,21.889025
1074,64,64,-1,-1,-1,-1,-1,21.819391,1,21.885952
1075,64,64,-1,-1,-1,-1,-1,21.829632,1,21.872641
1076,64,64,-1,-1,-1,-1,-1,21.850113,1,21.916672
1077,64,64,-1,-1,-1,-1,-1,21.83168,1,21.890047
1078,64,64,-1,-1,-1,-1,-1,21.83168,1,21.898239
1079,64,64,-1,-1,-1,-1,-1,21.830656,1,21.897217
1080,64,64,-1,-1,-1,-1,-1,21.839872,1,21.900288
1081,64,1072,-1,-1,-1,-1,-1,-1,0,92.402687
1082,64,64,-1,-1,-1,-1,-1,22.321152,1,22.381569
1083,64,64,-1,-1,-1,-1,-1,22.061056,1,22.129663
1084,64,64,-1,-1,-1,-1,-1,21.988352,1,22.056959
1085,64,64,-1,-1,-1,-1,-1,21.945345,1,22.012928
1086,64,1072,-1,-1,-1,-1,-1,-1,0,92.92186
1087,64,64,-1,-1,-1,-1,-1,22.317057,1,22.375423
1088,64,64,-1,-1,-1,-1,-1,22.093824,1,22.162432
1089,64,64,-1,-1,-1,-1,-1,21.97504,1,22.041599
1090,64,64,-1,-1,-1,-1,-1,21.955584,1,22.022144
1091,64,64,-1,-1,-1,-1,-1,21.937153,1,21.982208
1092,64,64,-1,-1,-1,-1,-1,21.953535,1,22.020096
1093,64,64,-1,-1,-1,-1,-1,21.901312,1,21.969919
1094,64,64,-1,-1,-1,-1,-1,21.895168,1,21.961727
1095,64,64,-1,-1,-1,-1,-1,21.90336,1,21.969919
1096,64,64,-1,-1,-1,-1,-1,21.912577,1,21.971968
1097,64,64,-1,-1,-1,-1,-1,21.937153,1,22.002687
1098,64,64,-1,-1,-1,-1,-1,21.94944,1,22.016001
1099,64,1072,-1,-1,-1,-1,-1,-1,0,92.660736
1100,64,1072,-1,-1,-1,-1,-1,-1,0,93.771774
1101,64,64,-1,-1,-1,-1,-1,22.25152,1,22.320127
1102,64,64,-1,-1,-1,-1,-1,22.111233,1,22.17984
1103,64,64,-1,-1,-1,-1,-1,22.029312,1,22.094849
1104,64,64,-1,-1,-1,-1,-1,22.045696,1,22.113279
1105,64,64,-1,-1,-1,-1,-1,22.027264,1,22.093824
1106,64,64,-1,-1,-1,-1,-1,22.02112,1,22.086657
1107,64,64,-1,-1,-1,-1,-1,21.983232,1,22.027264
1108,64,64,-1,-1,-1,-1,-1,21.963776,1,22.029312
1109,64,64,-1,-1,-1,-1,-1,21.944321,1,22.002687
1110,64,1072,-1,-1,-1,-1,-1,-1,0,92.878845
1111,64,64,-1,-1,-1,-1,-1,22.390783,1,22.457344
1112,64,64,-1,-1,-1,-1,-1,22.139904,1,22.208511
1113,64,1072,-1,-1,-1,-1,-1,-1,0,93.355011
1114,64,64,-1,-1,-1,-1,-1,22.431744,1,22.49728
1115,64,1072,-1,-1,-1,-1,-1,-1,0,93.367294
1116,64,1072,-1,-1,-1,-1,-1,-1,0,94.836739
1117,64,2079,-1,-1,-1,-1,-1,-1,0,156.810242
1118,64,1072,-1,-1,-1,-1,-1,-1,0,94.771202
1119,64,64,-1,-1,-1,-1,-1,22.362112,1,22.428673
1120,64,64,-1,-1,-1,-1,-1,22.124544,1,22.192127
1121,64,1072,-1,-1,-1,-1,-1,-1,0,92.713982
1122,64,1072,-1,-1,-1,-1,-1,-1,0,94.415871
1123,64,64,-1,-1,-1,-1,-1,22.398975,1,22.444033
1124,64,3072,-1,-1,-1,-1,-1,-1,0,208.760834
1125,64,1072,-1,-1,-1,-1,-1,-1,0,95.027199
1126,64,64,-1,-1,-1,-1,-1,22.402048,1,22.469631
1127,64,2080,-1,-1,-1,-1,-1,-1,0,155.479034
1128,64,64,-1,-1,-1,-1,-1,22.331392,1,22.4
1129,64,1072,-1,-1,-1,-1,-1,-1,0,93.705215
1130,64,64,-1,-1,-1,-1,-1,22.398975,1,22.468609
1131,64,1072,-1,-1,-1,-1,-1,-1,0,93.206528
1132,64,64,-1,-1,-1,-1,-1,22.308865,1,22.377472
1133,64,1072,-1,-1,-1,-1,-1,-1,0,93.232124
1134,64,1072,-1,-1,-1,-1,-1,-1,0,93.984772
1135,64,64,-1,-1,-1,-1,-1,22.352896,1,22.421503
1136,64,1072,-1,-1,-1,-1,-1,-1,0,93.088768
1137,64,1071,-1,-1,-1,-1,-1,-1,0,94.277634
1138,64,64,-1,-1,-1,-1,-1,22.232063,1,22.300673
1139,64,1072,-1,-1,-1,-1,-1,-1,0,93.144066
1140,64,3087,-1,-1,-1,-1,-1,-1,0,214.897659
1141,64,1072,-1,-1,-1,-1,-1,-1,0,95.156227
1142,64,2080,-1,-1,-1,-1,-1,-1,0,156.959747
1143,64,2080,-1,-1,-1,-1,-1,-1,0,156.45491
1144,64,64,-1,-1,-1,-1,-1,22.249472,1,22.318081
1145,64,2079,-1,-1,-1,-1,-1,-1,0,155.348999
1146,64,64,-1,-1,-1,-1,-1,22.208511,1,22.268929
1147,64,1072,-1,-1,-1,-1,-1,-1,0,92.948479
1148,64,1072,-1,-1,-1,-1,-1,-1,0,94.436356
1149,64,64,-1,-1,-1,-1,-1,22.326271,1,22.392832
1150,64,1072,-1,-1,-1,-1,-1,-1,0,92.972031
1151,64,64,-1,-1,-1,-1,-1,22.23616,1,22.302719
1152,64,64,-1,-1,-1,-1,-1,22.097919,1,22.1696
1153,64,1056,-1,-1,-1,-1,-1,-1,0,92.418045
1154,64,3088,-1,-1,-1,-1,-1,-1,0,215.879684
1155,64,2080,-1,-1,-1,-1,-1,-1,0,156.751877
1156,64,64,-1,-1,-1,-1,-1,22.208511,1,22.276096
1157,64,2080,-1,-1,-1,-1,-1,-1,0,155.483139
1158,64,1072,-1,-1,-1,-1,-1,-1,0,94.041084
1159,64,64,-1,-1,-1,-1,-1,22.240255,1,22.30784
1160,64,1072,-1,-1,-1,-1,-1,-1,0,92.805122
1161,64,1072,-1,-1,-1,-1,-1,-1,0,94.163971
1162,64,64,-1,-1,-1,-1,-1,22.182913,1,22.25152
1163,64,1072,-1,-1,-1,-1,-1,-1,0,93.031425
1164,64,2080,-1,-1,-1,-1,-1,-1,0,156.143616
1165,64,64,-1,-1,-1,-1,-1,22.204416,1,22.273024
1166,64,64,-1,-1,-1,-1,-1,21.965824,1,22.033407
1167,64,64,-1,-1,-1,-1,-1,21.881857,1,21.939199
1168,64,64,-1,-1,-1,-1,-1,21.868544,1,21.93408
1169,64,64,-1,-1,-1,-1,-1,21.866495,1,21.926912
1170,64,64,-1,-1,-1,-1,-1,21.897217,1,21.963776
1171,64,1072,-1,-1,-1,-1,-1,-1,0,92.189697
1172,64,64,-1,-1,-1,-1,-1,22.170624,1,22.233088
1173,64,1072,-1,-1,-1,-1,-1,-1,0,93.171715
1174,64,64,-1,-1,-1,-1,-1,22.242304,1,22.310911
1175,64,64,-1,-1,-1,-1,-1,22.029312,1,22.098944
1176,64,1071,-1,-1,-1,-1,-1,-1,0,92.220413
1177,64,2079,-1,-1,-1,-1,-1,-1,0,156.044281
1178,64,2079,-1,-1,-1,-1,-1,-1,0,155.99411
1179,64,64,-1,-1,-1,-1,-1,22.254593,1,22.3232
1180,64,64,-1,-1,-1,-1,-1,22.014977,1,22.085632
1181,64,64,-1,-1,-1,-1,-1,21.931007,1,21.991425
1182,64,64,-1,-1,-1,-1,-1,21.870592,1,21.937153
1183,64,64,-1,-1,-1,-1,-1,21.902336,1,21.946367
1184,64,1072,-1,-1,-1,-1,-1,-1,0,92.614655
1185,64,1072,-1,-1,-1,-1,-1,-1,0,93.853699
1186,64,64,-1,-1,-1,-1,-1,22.203392,1,22.271999
1187,64,64,-1,-1,-1,-1,-1,22.019072,1,22.088703
1188,64,64,-1,-1,-1,-1,-1,21.917696,1,21.987328
1189,64,64,-1,-1,-1,-1,-1,21.868544,1,21.937153
1190,64,64,-1,-1,-1,-1,-1,21.872641,1,21.939199
1191,64,1072,-1,-1,-1,-1,-1,-1,0,92.84301
1192,64,64,-1,-1,-1,-1,-1,22.259712,1,22.321152
1193,64,64,-1,-1,-1,-1,-1,22.007809,1,22.076416
1194,64,64,-1,-1,-1,-1,-1,21.943296,1,22.011904
1195,64,64,-1,-1,-1,-1,-1,21.895168,1,21.955584
1196,64,64,-1,-1,-1,-1,-1,21.866495,1,21.93408
1197,64,64,-1,-1,-1,-1,-1,21.894144,1,21.961727
1198,64,64,-1,-1,-1,-1,-1,21.812223,1,21.879808
1199,64,64,-1,-1,-1,-1,-1,21.832705,1,21.87776
1200,64,64,-1,-1,-1,-1,-1,21.824512,1,21.890047
1201,64,64,-1,-1,-1,-1,-1,21.827583,1,21.888
1202,64,1072,-1,-1,-1,-1,-1,-1,0,92.261375
1203,64,64,-1,-1,-1,-1,-1,22.238209,1,22.304768
1204,64,1072,-1,-1,-1,-1,-1,-1,0,92.873726
1205,64,64,-1,-1,-1,-1,-1,22.334463,1,22.402048
1206,64,64,-1,-1,-1,-1,-1,22.039553,1,22.107136
1207,64,1071,-1,-1,-1,-1,-1,-1,0,92.552193
1208,64,64,-1,-1,-1,-1,-1,22.270975,1,22.340609
1209,64,64,-1,-1,-1,-1,-1,22.056959,1,22.126593
1210,64,64,-1,-1,-1,-1,-1,21.98016,1,22.048767
1211,64,64,-1,-1,-1,-1,-1,21.892096,1,21.958656
1212,64,64,-1,-1,-1,-1,-1,21.892096,1,21.960705
1213,64,64,-1,-1,-1,-1,-1,21.939199,1,22.006784
1214,64,64,-1,-1,-1,-1,-1,21.896193,1,21.963776
1215,64,64,-1,-1,-1,-1,-1,21.856256,1,21.901312
1216,64,64,-1,-1,-1,-1,-1,21.865473,1,21.932032
1217,64,64,-1,-1,-1,-1,-1,21.858303,1,21.924864
1218,64,64,-1,-1,-1,-1,-1,21.869568,1,21.937153
1219,64,1071,-1,-1,-1,-1,-1,-1,0,92.588036
1220,64,64,-1,-1,-1,-1,-1,22.355968,1,22.424576
1221,64,64,-1,-1,-1,-1,-1,22.090752,1,22.157312
1222,64,64,-1,-1,-1,-1,-1,22.009855,1,22.076416
1223,64,64,-1,-1,-1,-1,-1,21.961727,1,22.029312
1224,64,64,-1,-1,-1,-1,-1,21.969919,1,22.03648
1225,64,64,-1,-1,-1,-1,-1,21.9648,1,22.032385
1226,64,64,-1,-1,-1,-1,-1,21.912577,1,21.98016
1227,64,64,-1,-1,-1,-1,-1,21.916672,1,21.972992
1228,64,64,-1,-1,-1,-1,-1,21.938175,1,22.00576
1229,64,64,-1,-1,-1,-1,-1,21.914623,1,21.981184
1230,64,64,-1,-1,-1,-1,-1,21.922815,1,21.9904
1231,64,64,-1,-1,-1,-1,-1,21.932032,1,21.976065
1232,64,64,-1,-1,-1,-1,-1,21.924864,1,21.992449
1233,64,64,-1,-1,-1,-1,-1,21.925888,1,21.992449
1234,64,1072,-1,-1,-1,-1,-1,-1,0,92.423164
1235,64,64,-1,-1,-1,-1,-1,22.335487,1,22.403072
1236,64,1072,-1,-1,-1,-1,-1,-1,0,93.440002
1237,64,2080,-1,-1,-1,-1,-1,-1,0,156.581894
1238,64,64,-1,-1,-1,-1,-1,22.351871,1,22.421503
1239,64,64,-1,-1,-1,-1,-1,22.112255,1,22.172672
1240,64,1072,-1,-1,-1,-1,-1,-1,0,93.465599
1241,64,1072,-1,-1,-1,-1,-1,-1,0,94.897156
1242,64,64,-1,-1,-1,-1,-1,22.408192,1,22.477823
1243,64,1072,-1,-1,-1,-1,-1,-1,0,93.505539
1244,64,1072,-1,-1,-1,-1,-1,-1,0,93.999107
1245,64,1072,-1,-1,-1,-1,-1,-1,0,93.911041
1246,64,64,-1,-1,-1,-1,-1,22.35392,1,22.421503
1247,64,64,-1,-1,-1,-1,-1,22.120447,1,22.165504
1248,64,64,-1,-1,-1,-1,-1,22.057983,1,22.125568
1249,64,1072,-1,-1,-1,-1,-1,-1,0,92.925949
1250,64,64,-1,-1,-1,-1,-1,22.35392,1,22.419456
1251,64,2080,-1,-1,-1,-1,-1,-1,0,155.32135
1252,64,64,-1,-1,-1,-1,-1,22.367231,1,22.435841
1253,64,1072,-1,-1,-1,-1,-1,-1,0,93.297661
1254,64,64,-1,-1,-1,-1,-1,22.41024,1,22.479872
1255,64,3088,-1,-1,-1,-1,-1,-1,0,214.174713
1256,64,1072,-1,-1,-1,-1,-1,-1,0,95.17466
1257,64,1072,-1,-1,-1,-1,-1,-1,0,94.594048
1258,64,1072,-1,-1,-1,-1,-1,-1,0,94.598145
1259,64,2080,-1,-1,-1,-1,-1,-1,0,156.488708
1260,64,64,-1,-1,-1,-1,-1,22.332417,1,22.4
1261,64,64,-1,-1,-1,-1,-1,22.078465,1,22.146048
1262,64,1072,-1,-1,-1,-1,-1,-1,0,92.683266
1263,64,64,-1,-1,-1,-1,-1,22.351871,1,22.395905
1264,64,1071,-1,-1,-1,-1,-1,-1,0,93.205505
1265,64,1072,-1,-1,-1,-1,-1,-1,0,93.919235
1266,64,64,-1,-1,-1,-1,-1,22.302719,1,22.371328
1267,64,2078,-1,-1,-1,-1,-1,-1,0,155.114502
1268,64,1072,-1,-1,-1,-1,-1,-1,0,94.416893
1269,64,1072,-1,-1,-1,-1,-1,-1,0,94.442497
1270,64,64,-1,-1,-1,-1,-1,22.279167,1,22.347776
1271,64,2080,-1,-1,-1,-1,-1,-1,0,155.500549
1272,64,1072,-1,-1,-1,-1,-1,-1,0,94.296066
1273,64,64,-1,-1,-1,-1,-1,22.252544,1,22.31296
1274,64,1072,-1,-1,-1,-1,-1,-1,0,92.849152
1275,64,64,-1,-1,-1,-1,-1,22.311935,1,22.377472
1276,64,1072,-1,-1,-1,-1,-1,-1,0,93.074432
1277,64,64,-1,-1,-1,-1,-1,22.264832,1,22.331392
1278,64,1072,-1,-1,-1,-1,-1,-1,0,92.986366
1279,64,3088,-1,-1,-1,-1,-1,-1,0,215.090179
1280,64,3088,-1,-1,-1,-1,-1,-1,0,215.14035
1281,64,1072,-1,-1,-1,-1,-1,-1,0,94.99955
1282,64,3087,-1,-1,-1,-1,-1,-1,0,215.007233
1283,64,1072,-1,-1,-1,-1,-1,-1,0,94.96064
1284,64,64,-1,-1,-1,-1,-1,22.250496,1,22.320127
1285,64,1072,-1,-1,-1,-1,-1,-1,0,92.622849
1286,64,1072,-1,-1,-1,-1,-1,-1,0,94.279678
1287,64,64,-1,-1,-1,-1,-1,22.226944,1,22.295551
1288,64,64,-1,-1,-1,-1,-1,22.041599,1,22.109184
1289,64,64,-1,-1,-1,-1,-1,21.90848,1,21.966848
1290,64,64,-1,-1,-1,-1,-1,21.853184,1,21.919744
1291,64,1072,-1,-1,-1,-1,-1,-1,0,92.473343
1292,64,1072,-1,-1,-1,-1,-1,-1,0,94.12915
1293,64,1072,-1,-1,-1,-1,-1,-1,0,93.893631
1294,64,64,-1,-1,-1,-1,-1,22.224895,1,22.293505
1295,64,2080,-1,-1,-1,-1,-1,-1,0,155.021317
1296,64,64,-1,-1,-1,-1,-1,22.205441,1,22.273024
1297,64,64,-1,-1,-1,-1,-1,21.977089,1,22.043648
1298,64,1072,-1,-1,-1,-1,-1,-1,0,92.339203
1299,64,64,-1,-1,-1,-1,-1,22.264832,1,22.333441
1300,64,64,-1,-1,-1,-1,-1,21.994495,1,22.055937
1301,64,64,-1,-1,-1,-1,-1,21.888,1,21.953535
1302,64,1072,-1,-1,-1,-1,-1,-1,0,92.340225
1303,64,64,-1,-1,-1,-1,-1,22.230017,1,22.298624
1304,64,1072,-1,-1,-1,-1,-1,-1,0,92.766205
1305,64,64,-1,-1,-1,-1,-1,22.288383,1,22.355968
1306,64,1072,-1,-1,-1,-1,-1,-1,0,92.621826
1307,64,64,-1,-1,-1,-1,-1,22.212608,1,22.280191
1308,64,1072,-1,-1,-1,-1,-1,-1,0,92.910591
1309,64,1072,-1,-1,-1,-1,-1,-1,0,94.109695
1310,64,64,-1,-1,-1,-1,-1,22.221825,1,22.281216
1311,64,64,-1,-1,-1,-1,-1,21.994495,1,22.061056
1312,64,64,-1,-1,-1,-1,-1,21.933056,1,21.991425
1313,64,64,-1,-1,-1,-1,-1,21.876736,1,21.942272
1314,64,64,-1,-1,-1,-1,-1,21.891071,1,21.950464
1315,64,64,-1,-1,-1,-1,-1,21.878784,1,21.945345
1316,64,1071,-1,-1,-1,-1,-1,-1,0,92.196861
1317,64,64,-1,-1,-1,-1,-1,22.165504,1,22.233088
1318,64,64,-1,-1,-1,-1,-1,21.9648,1,22.025215
1319,64,64,-1,-1,-1,-1,-1,21.886976,1,21.946367
1320,64,64,-1,-1,-1,-1,-1,21.874687,1,21.933056
1321,64,64,-1,-1,-1,-1,-1,21.89312,1,21.959681
1322,64,64,-1,-1,-1,-1,-1,21.8624,1,21.928961
1323,64,64,-1,-1,-1,-1,-1,21.82144,1,21.885952
1324,64,64,-1,-1,-1,-1,-1,21.792768,1,21.853184
1325,64,64,-1,-1,-1,-1,-1,21.826559,1,21.89312
1326,64,1072,-1,-1,-1,-1,-1,-1,0,92.166145
1327,64,64,-1,-1,-1,-1,-1,22.242304,1,22.308865
1328,64,1072,-1,-1,-1,-1,-1,-1,0,93.005821
1329,64,64,-1,-1,-1,-1,-1,22.288383,1,22.358015
1330,64,64,-1,-1,-1,-1,-1,22.013952,1,22.080511
1331,64,64,-1,-1,-1,-1,-1,21.938175,1,21.996544
1332,64,64,-1,-1,-1,-1,-1,21.897217,1,21.965824
1333,64,64,-1,-1,-1,-1,-1,21.932032,1,21.998592
1334,64,64,-1,-1,-1,-1,-1,21.941248,1,22.009855
1335,64,64,-1,-1,-1,-1,-1,21.889025,1,21.958656
1336,64,64,-1,-1,-1,-1,-1,21.863424,1,21.926912
1337,64,64,-1,-1,-1,-1,-1,21.850113,1,21.917696
1338,64,1072,-1,-1,-1,-1,-1,-1,0,92.462082
1339,64,64,-1,-1,-1,-1,-1,22.336512,1,22.405121
1340,64,64,-1,-1,-1,-1,-1,22.072321,1,22.141953
1341,64,1072,-1,-1,-1,-1,-1,-1,0,92.669952
1342,64,64,-1,-1,-1,-1,-1,22.259712,1,22.326271
1343,64,64,-1,-1,-1,-1,-1,22.085632,1,22.153215
1344,64,64,-1,-1,-1,-1,-1,22.012928,1,22.080511
1345,64,64,-1,-1,-1,-1,-1,21.989376,1,22.056959
1346,64,64,-1,-1,-1,-1,-1,21.985279,1,22.052864
1347,64,64,-1,-1,-1,-1,-1,21.98016,1,22.046721
1348,64,64,-1,-1,-1,-1,-1,21.952513,1,22.018047
1349,64,64,-1,-1,-1,-1,-1,21.899263,1,21.965824
1350,64,64,-1,-1,-1,-1,-1,21.888,1,21.954559
1351,64,64,-1,-1,-1,-1,-1,21.932032,1,21.998592
1352,64,64,-1,-1,-1,-1,-1,21.928961,1,21.99552
1353,64,64,-1,-1,-1,-1,-1,21.896193,1,21.963776
1354,64,64,-1,-1,-1,-1,-1,21.931007,1,21.998592
1355,64,64,-1,-1,-1,-1,-1,21.912577,1,21.979136
1356,64,1071,-1,-1,-1,-1,-1,-1,0,92.734467
1357,64,1072,-1,-1,-1,-1,-1,-1,0,94.374908
1358,64,1072,-1,-1,-1,-1,-1,-1,0,94.613503
1359,64,1072,-1,-1,-1,-1,-1,-1,0,94.935043
1360,64,1072,-1,-1,-1,-1,-1,-1,0,93.926399
1361,64,1072,-1,-1,-1,-1,-1,-1,0,93.867004
1362,64,64,-1,-1,-1,-1,-1,22.362112,1,22.430719
1363,64,1072,-1,-1,-1,-1,-1,-1,0,93.251587
1364,64,64,-1,-1,-1,-1,-1,22.372353,1,22.44096
1365,64,64,-1,-1,-1,-1,-1,22.107136,1,22.174721
1366,64,64,-1,-1,-1,-1,-1,22.087681,1,22.155264
1367,64,1072,-1,-1,-1,-1,-1,-1,0,93.310974
1368,64,64,-1,-1,-1,-1,-1,22.370304,1,22.439936
1369,64,64,-1,-1,-1,-1,-1,22.13888,1,22.204416
1370,64,64,-1,-1,-1,-1,-1,22.066175,1,22.132736
1371,64,1072,-1,-1,-1,-1,-1,-1,0,93.34272
1372,64,1056,-1,-1,-1,-1,-1,-1,0,94.740479
1373,64,2080,-1,-1,-1,-1,-1,-1,0,156.719101
1374,64,64,-1,-1,-1,-1,-1,22.342655,1,22.41024
1375,64,64,-1,-1,-1,-1,-1,22.166529,1,22.232063
1376,64,64,-1,-1,-1,-1,-1,22.0672,1,22.135809
1377,64,64,-1,-1,-1,-1,-1,22.009855,1,22.076416
1378,64,64,-1,-1,-1,-1,-1,22.007809,1,22.075392
1379,64,64,-1,-1,-1,-1,-1,22.001663,1,22.068224
1380,64,1072,-1,-1,-1,-1,-1,-1,0,92.822525
1381,64,1072,-1,-1,-1,-1,-1,-1,0,94.953468
1382,64,64,-1,-1,-1,-1,-1,22.431744,1,22.499329
1383,64,2080,-1,-1,-1,-1,-1,-1,0,155.473923
1384,64,2080,-1,-1,-1,-1,-1,-1,0,156.654587
1385,64,2080,-1,-1,-1,-1,-1,-1,0,156.594177
1386,64,64,-1,-1,-1,-1,-1,22.248447,1,22.316032
1387,64,64,-1,-1,-1,-1,-1,22.069248,1,22.135809
1388,64,2080,-1,-1,-1,-1,-1,-1,0,154.765305
1389,64,2080,-1,-1,-1,-1,-1,-1,0,156.539902
1390,64,2080,-1,-1,-1,-1,-1,-1,0,156.447739
1391,64,1072,-1,-1,-1,-1,-1,-1,0,94.389252
1392,64,64,-1,-1,-1,-1,-1,22.33856,1,22.396929
1393,64,64,-1,-1,-1,-1,-1,22.099968,1,22.1696
1394,64,64,-1,-1,-1,-1,-1,22.02112,1,22.080511
1395,64,64,-1,-1,-1,-1,-1,21.972992,1,22.040577
1396,64,64,-1,-1,-1,-1,-1,21.961727,1,22.028288
1397,64,1072,-1,-1,-1,-1,-1,-1,0,92.45491
1398,64,64,-1,-1,-1,-1,-1,22.249472,1,22.308865
1399,64,2080,-1,-1,-1,-1,-1,-1,0,155.222015
1400,64,3088,-1,-1,-1,-1,-1,-1,0,215.761917
1401,64,64,-1,-1,-1,-1,-1,22.329344,1,22.4
1402,64,1071,-1,-1,-1,-1,-1,-1,0,93.241341
1403,64,4095,-1,-1,-1,-1,-1,-1,0,269.254669
1404,64,64,-1,-1,-1,-1,-1,22.446079,1,22.515713
1405,64,64,-1,-1,-1,-1,-1,22.070272,1,22.141953
1406,64,64,-1,-1,-1,-1,-1,21.959681,1,22.020096
1407,64,64,-1,-1,-1,-1,-1,21.932032,1,21.999617
1408,64,3088,-1,-1,-1,-1,-1,-1,0,213.364731
1409,64,64,-1,-1,-1,-1,-1,22.32832,1,22.39488
1410,64,64,-1,-1,-1,-1,-1,22.083584,1,22.152191
1411,64,1072,-1,-1,-1,-1,-1,-1,0,92.617729
1412,64,2080,-1,-1,-1,-1,-1,-1,0,156.649475
1413,64,64,-1,-1,-1,-1,-1,22.269953,1,22.339584
1414,64,64,-1,-1,-1,-1,-1,22.013952,1,22.081535
1415,64,64,-1,-1,-1,-1,-1,21.959681,1,22.028288
1416,64,1072,-1,-1,-1,-1,-1,-1,0,92.332031
1417,64,2080,-1,-1,-1,-1,-1,-1,0,156.140549
1418,64,2080,-1,-1,-1,-1,-1,-1,0,156.064774
1419,64,2080,-1,-1,-1,-1,-1,-1,0,155.998215
1420,64,64,-1,-1,-1,-1,-1,22.170624,1,22.238209
1421,64,64,-1,-1,-1,-1,-1,21.998592,1,22.066175
1422,64,64,-1,-1,-1,-1,-1,21.901312,1,21.959681
1423,64,1072,-1,-1,-1,-1,-1,-1,0,92.547073
1424,64,1072,-1,-1,-1,-1,-1,-1,0,93.991936
1425,64,64,-1,-1,-1,-1,-1,22.235136,1,22.301697
1426,64,1072,-1,-1,-1,-1,-1,-1,0,92.870659
1427,64,2080,-1,-1,-1,-1,-1,-1,0,156.327942
1428,64,64,-1,-1,-1,-1,-1,22.185984,1,22.247423
1429,64,1072,-1,-1,-1,-1,-1,-1,0,92.574722
1430,64,64,-1,-1,-1,-1,-1,22.196224,1,22.24128
1431,64,64,-1,-1,-1,-1,-1,21.992449,1,22.05184
1432,64,1072,-1,-1,-1,-1,-1,-1,0,92.42112
1433,64,64,-1,-1,-1,-1,-1,22.180864,1,22.248447
1434,64,64,-1,-1,-1,-1,-1,22.007809,1,22.075392
1435,64,64,-1,-1,-1,-1,-1,21.880833,1,21.941248
1436,64,64,-1,-1,-1,-1,-1,21.839872,1,21.907455
1437,64,64,-1,-1,-1,-1,-1,21.842943,1,21.911552
1438,64,64,-1,-1,-1,-1,-1,21.846016,1,21.913601
1439,64,64,-1,-1,-1,-1,-1,21.767168,1,21.832705
1440,64,64,-1,-1,-1,-1,-1,21.800961,1,21.860352
1441,64,64,-1,-1,-1,-1,-1,21.798912,1,21.865473
1442,64,64,-1,-1,-1,-1,-1,21.777409,1,21.843967
1443,64,64,-1,-1,-1,-1,-1,21.798912,1,21.866495
1444,64,64,-1,-1,-1,-1,-1,21.822464,1,21.889025
1445,64,64,-1,-1,-1,-1,-1,21.809153,1,21.875711
1446,64,64,-1,-1,-1,-1,-1,21.819391,1,21.864449
1447,64,64,-1,-1,-1,-1,-1,21.829632,1,21.896193
1448,64,64,-1,-1,-1,-1,-1,21.789696,1,21.856256
1449,64,64,-1,-1,-1,-1,-1,21.832705,1,21.901312
1450,64,1072,-1,-1,-1,-1,-1,-1,0,92.290047
1451,64,2080,-1,-1,-1,-1,-1,-1,0,156.24704
1452,64,1072,-1,-1,-1,-1,-1,-1,0,94.184448
1453,64,64,-1,-1,-1,-1,-1,22.233088,1,22.301697
1454,64,64,-1,-1,-1,-1,-1,22.071297,1,22.131712
1455,64,64,-1,-1,-1,-1,-1,21.971968,1,22.029312
1456,64,64,-1,-1,-1,-1,-1,21.898239,1,21.957632
1457,64,1072,-1,-1,-1,-1,-1,-1,0,92.745728
1458,64,64,-1,-1,-1,-1,-1,22.324224,1,22.391808
1459,64,64,-1,-1,-1,-1,-1,22.056959,1,22.125568
1460,64,1072,-1,-1,-1,-1,-1,-1,0,92.588036
1461,64,64,-1,-1,-1,-1,-1,22.333441,1,22.401024
1462,64,64,-1,-1,-1,-1,-1,22.075392,1,22.121471
1463,64,64,-1,-1,-1,-1,-1,21.972992,1,22.040577
1464,64,64,-1,-1,-1,-1,-1,21.929983,1,21.997568
1465,64,64,-1,-1,-1,-1,-1,21.961727,1,22.027264
1466,64,64,-1,-1,-1,-1,-1,21.94944,1,22.016001
1467,64,64,-1,-1,-1,-1,-1,21.889025,1,21.94944
1468,64,64,-1,-1,-1,-1,-1,21.869568,1,21.928961
1469,64,64,-1,-1,-1,-1,-1,21.890047,1,21.958656
1470,64,64,-1,-1,-1,-1,-1,21.875711,1,21.941248
1471,64,64,-1,-1,-1,-1,-1,21.863424,1,21.928961
1472,64,64,-1,-1,-1,-1,-1,21.892096,1,21.959681
1473,64,64,-1,-1,-1,-1,-1,21.892096,1,21.958656
1474,64,1072,-1,-1,-1,-1,-1,-1,0,92.712959
1475,64,64,-1,-1,-1,-1,-1,22.258688,1,22.327295
1476,64,64,-1,-1,-1,-1,-1,22.079489,1,22.146048
1477,64,64,-1,-1,-1,-1,-1,21.988352,1,22.055937
1478,64,2080,-1,-1,-1,-1,-1,-1,0,154.925049
1479,64,64,-1,-1,-1,-1,-1,22.264832,1,22.331392
1480,64,1071,-1,-1,-1,-1,-1,-1,0,93.27002
1481,64,64,-1,-1,-1,-1,-1,22.288383,1,22.354944
1482,64,1072,-1,-1,-1,-1,-1,-1,0,93.088768
1483,64,64,-1,-1,-1,-1,-1,22.346752,1,22.407167
1484,64,64,-1,-1,-1,-1,-1,22.078465,1,22.147072
1485,64,1072,-1,-1,-1,-1,-1,-1,0,92.979202
1486,64,64,-1,-1,-1,-1,-1,22.363136,1,22.432768
1487,64,64,-1,-1,-1,-1,-1,22.13376,1,22.201344
1488,64,64,-1,-1,-1,-1,-1,22.049791,1,22.118401
1489,64,64,-1,-1,-1,-1,-1,21.97504,1,22.040577
1490,64,1072,-1,-1,-1,-1,-1,-1,0,93.179901
1491,64,1072,-1,-1,-1,-1,-1,-1,0,94.80397
1492,64,64,-1,-1,-1,-1,-1,22.373377,1,22.441984
1493,64,1072,-1,-1,-1,-1,-1,-1,0,93.290497
1494,64,1071,-1,-1,-1,-1,-1,-1,0,94.870529
1495,64,64,-1,-1,-1,-1,-1,22.313984,1,22.380545
1496,64,64,-1,-1,-1,-1,-1,22.10816,1,22.178816
1497,64,64,-1,-1,-1,-1,-1,21.996544,1,22.065151
1498,64,1072,-1,-1,-1,-1,-1,-1,0,92.689407
1499,64,2080,-1,-1,-1,-1,-1,-1,0,156.614655
1500,64,64,-1,-1,-1,-1,-1,22.316032,1,22.38464
1501,64,64,-1,-1,-1,-1,-1,22.126593,1,22.1952
1502,64,64,-1,-1,-1,-1,-1,22.043648,1,22.112255
1503,64,64,-1,-1,-1,-1,-1,22.022144,1,22.087681
1504,64,1072,-1,-1,-1,-1,-1,-1,0,93.039619
1505,64,1071,-1,-1,-1,-1,-1,-1,0,94.223358
1506,64,64,-1,-1,-1,-1,-1,22.343679,1,22.412289
1507,64,64,-1,-1,-1,-1,-1,22.134785,1,22.202368
1508,64,1072,-1,-1,-1,-1,-1,-1,0,92.922882
1509,64,64,-1,-1,-1,-1,-1,22.33856,1,22.406143
1510,64,2080,-1,-1,-1,-1,-1,-1,0,155.693054
1511,64,1072,-1,-1,-1,-1,-1,-1,0,94.62886
1512,64,64,-1,-1,-1,-1,-1,22.382591,1,22.450176
1513,64,1072,-1,-1,-1,-1,-1,-1,0,93.689857
1514,64,64,-1,-1,-1,-1,-1,22.382591,1,22.452225
1515,64,3087,-1,-1,-1,-1,-1,-1,0,214.194183
1516,64,1072,-1,-1,-1,-1,-1,-1,0,95.161346
1517,64,1071,-1,-1,-1,-1,-1,-1,0,94.734337
1518,64,64,-1,-1,-1,-1,-1,22.309889,1,22.37952
1519,64,1072,-1,-1,-1,-1,-1,-1,0,92.926979
1520,64,64,-1,-1,-1,-1,-1,22.367231,1,22.426624
1521,64,6112,-1,-1,-1,-1,-1,-1,0,392.499207
1522,64,1072,-1,-1,-1,-1,-1,-1,0,94.80909
1523,64,1071,-1,-1,-1,-1,-1,-1,0,94.167038
1524,64,1072,-1,-1,-1,-1,-1,-1,0,94.167038
1525,64,64,-1,-1,-1,-1,-1,22.300673,1,22.36928
1526,64,1072,-1,-1,-1,-1,-1,-1,0,92.995583
1527,64,1071,-1,-1,-1,-1,-1,-1,0,94.322685
1528,64,1072,-1,-1,-1,-1,-1,-1,0,94.432259
1529,64,1071,-1,-1,-1,-1,-1,-1,0,94.093315
1530,64,64,-1,-1,-1,-1,-1,22.2976,1,22.356993
1531,64,64,-1,-1,-1,-1,-1,22.0672,1,22.129663
1532,64,1072,-1,-1,-1,-1,-1,-1,0,92.348419
1533,64,1072,-1,-1,-1,-1,-1,-1,0,93.773827
1534,64,1072,-1,-1,-1,-1,-1,-1,0,94.347267
1535,64,2078,-1,-1,-1,-1,-1,-1,0,156.257278
1536,64,1072,-1,-1,-1,-1,-1,-1,0,94.038017
1537,64,2080,-1,-1,-1,-1,-1,-1,0,155.635712
1538,64,64,-1,-1,-1,-1,-1,22.189056,1,22.256639
1539,64,64,-1,-1,-1,-1,-1,22.001663,1,22.071297
1540,64,1072,-1,-1,-1,-1,-1,-1,0,92.261375
1541,64,64,-1,-1,-1,-1,-1,22.249472,1,22.317057
1542,64,64,-1,-1,-1,-1,-1,22.064129,1,22.130688
1543,64,3088,-1,-1,-1,-1,-1,-1,0,214.170624
1544,64,64,-1,-1,-1,-1,-1,22.247423,1,22.306816
1545,64,64,-1,-1,-1,-1,-1,22.014977,1,22.083584
1546,64,64,-1,-1,-1,-1,-1,21.904385,1,21.963776
1547,64,1072,-1,-1,-1,-1,-1,-1,0,92.28083
1548,64,64,-1,-1,-1,-1,-1,22.232063,1,22.291456
1549,64,1072,-1,-1,-1,-1,-1,-1,0,93.071358
1550,64,1072,-1,-1,-1,-1,-1,-1,0,94.113792
1551,64,1072,-1,-1,-1,-1,-1,-1,0,94.22541
1552,64,64,-1,-1,-1,-1,-1,22.16448,1,22.231039
1553,64,1072,-1,-1,-1,-1,-1,-1,0,92.490753
1554,64,64,-1,-1,-1,-1,-1,22.230017,1,22.299648
1555,64,64,-1,-1,-1,-1,-1,22.008833,1,22.07744
1556,64,64,-1,-1,-1,-1,-1,21.869568,1,21.935104
1557,64,1072,-1,-1,-1,-1,-1,-1,0,92.064766
1558,64,64,-1,-1,-1,-1,-1,22.242304,1,22.303743
1559,64,64,-1,-1,-1,-1,-1,22.023169,1,22.08256
1560,64,64,-1,-1,-1,-1,-1,21.880833,1,21.942272
1561,64,64,-1,-1,-1,-1,-1,21.884928,1,21.943296
1562,64,64,-1,-1,-1,-1,-1,21.885952,1,21.954559
1563,64,64,-1,-1,-1,-1,-1,21.894144,1,21.962751
1564,64,64,-1,-1,-1,-1,-1,21.815296,1,21.874687
1565,64,64,-1,-1,-1,-1,-1,21.810177,1,21.868544
1566,64,64,-1,-1,-1,-1,-1,21.842943,1,21.904385
1567,64,1055,-1,-1,-1,-1,-1,-1,0,92.039169
1568,64,64,-1,-1,-1,-1,-1,22.263807,1,22.331392
1569,64,64,-1,-1,-1,-1,-1,22.054913,1,22.12352
1570,64,64,-1,-1,-1,-1,-1,21.968897,1,22.035456
1571,64,64,-1,-1,-1,-1,-1,21.942272,1,22.000641
1572,64,64,-1,-1,-1,-1,-1,21.946367,1,22.013952
1573,64,64,-1,-1,-1,-1,-1,21.937153,1,22.002687
1574,64,64,-1,-1,-1,-1,-1,21.872641,1,21.933056
1575,64,2080,-1,-1,-1,-1,-1,-1,0,154.481659
1576,64,64,-1,-1,-1,-1,-1,22.362112,1,22.422527
1577,64,64,-1,-1,-1,-1,-1,22.127617,1,22.196224
1578,64,64,-1,-1,-1,-1,-1,22.001663,1,22.070272
1579,64,1072,-1,-1,-1,-1,-1,-1,0,92.578819
1580,64,64,-1,-1,-1,-1,-1,22.334463,1,22.403072
1581,64,64,-1,-1,-1,-1,-1,22.099968,1,22.159361
1582,64,64,-1,-1,-1,-1,-1,21.972992,1,22.040577
1583,64,64,-1,-1,-1,-1,-1,21.929983,1,21.99552
1584,64,64,-1,-1,-1,-1,-1,21.936129,1,22.003712
1585,64,64,-1,-1,-1,-1,-1,21.987328,1,22.054913
1586,64,64,-1,-1,-1,-1,-1,21.928961,1,21.996544
1587,64,64,-1,-1,-1,-1,-1,21.884928,1,21.950464
1588,64,64,-1,-1,-1,-1,-1,21.917696,1,21.986303
1589,64,64,-1,-1,-1,-1,-1,21.927937,1,21.992449
1590,64,64,-1,-1,-1,-1,-1,21.901312,1,21.961727
1591,64,1072,-1,-1,-1,-1,-1,-1,0,92.468224
1592,64,64,-1,-1,-1,-1,-1,22.364161,1,22.432768
1593,64,1072,-1,-1,-1,-1,-1,-1,0,93.374466
1594,64,64,-1,-1,-1,-1,-1,22.388737,1,22.45632
1595,64,64,-1,-1,-1,-1,-1,22.152191,1,22.209536
1596,64,64,-1,-1,-1,-1,-1,22.056959,1,22.126593
1597,64,64,-1,-1,-1,-1,-1,22.012928,1,22.081535
1598,64,2080,-1,-1,-1,-1,-1,-1,0,154.863617
1599,64,2080,-1,-1,-1,-1,-1,-1,0,156.474365
1600,64,64,-1,-1,-1,-1,-1,22.33856,1,22.398975
1601,64,64,-1,-1,-1,-1,-1,22.10816,1,22.176767
1602,64,1072,-1,-1,-1,-1,-1,-1,0,93.009918
1603,64,64,-1,-1,-1,-1,-1,22.362112,1,22.428673
1604,64,64,-1,-1,-1,-1,-1,22.090752,1,22.159361
1605,64,1071,-1,-1,-1,-1,-1,-1,0,92.795906
1606,64,64,-1,-1,-1,-1,-1,22.4,1,22.467585
1607,64,64,-1,-1,-1,-1,-1,22.12352,1,22.181889
1608,64,1071,-1,-1,-1,-1,-1,-1,0,92.866562
1609,64,64,-1,-1,-1,-1,-1,22.398975,1,22.46656
1610,64,64,-1,-1,-1,-1,-1,22.137856,1,22.206465
1611,64,64,-1,-1,-1,-1,-1,22.057983,1,22.124544
1612,64,1072,-1,-1,-1,-1,-1,-1,0,92.743683
1613,64,64,-1,-1,-1,-1,-1,22.378496,1,22.446079
1614,64,64,-1,-1,-1,-1,-1,22.106112,1,22.166529
1615,64,64,-1,-1,-1,-1,-1,22.078465,1,22.136831
1616,64,64,-1,-1,-1,-1,-1,22.008833,1,22.075392
1617,64,1072,-1,-1,-1,-1,-1,-1,0,93.43795
1618,64,64,-1,-1,-1,-1,-1,22.368256,1,22.436865
1619,64,64,-1,-1,-1,-1,-1,22.120447,1,22.166529
1620,64,1072,-1,-1,-1,-1,-1,-1,0,93.003777
1621,64,1072,-1,-1,-1,-1,-1,-1,0,94.958595
1622,64,2080,-1,-1,-1,-1,-1,-1,0,156.601349
1623,64,1072,-1,-1,-1,-1,-1,-1,0,94.529533
1624,64,1072,-1,-1,-1,-1,-1,-1,0,94.53978
1625,64,64,-1,-1,-1,-1,-1,22.305792,1,22.371328
1626,64,64,-1,-1,-1,-1,-1,22.103041,1,22.170624
1627,64,2080,-1,-1,-1,-1,-1,-1,0,155.274246
1628,64,64,-1,-1,-1,-1,-1,22.300673,1,22.36928
1629,64,1072,-1,-1,-1,-1,-1,-1,0,93.424637
1630,64,64,-1,-1,-1,-1,-1,22.337536,1,22.406143
1631,64,64,-1,-1,-1,-1,-1,22.109184,1,22.175743
1632,64,1072,-1,-1,-1,-1,-1,-1,0,93.199364
1633,64,64,-1,-1,-1,-1,-1,22.376448,1,22.444033
1634,64,64,-1,-1,-1,-1,-1,22.128639,1,22.197248
1635,64,64,-1,-1,-1,-1,-1,22.050816,1,22.095873
1636,64,64,-1,-1,-1,-1,-1,21.996544,1,22.063105
1637,64,64,-1,-1,-1,-1,-1,21.974016,1,22.040577
1638,64,1072,-1,-1,-1,-1,-1,-1,0,92.62899
1639,64,1071,-1,-1,-1,-1,-1,-1,0,94.13427
1640,64,1072,-1,-1,-1,-1,-1,-1,0,94.614525
1641,64,1071,-1,-1,-1,-1,-1,-1,0,94.529533
1642,64,64,-1,-1,-1,-1,-1,22.300673,1,22.368256
1643,64,2080,-1,-1,-1,-1,-1,-1,0,155.799545
1644,64,1072,-1,-1,-1,-1,-1,-1,0,94.579712
1645,64,2080,-1,-1,-1,-1,-1,-1,0,156.466171
1646,64,2080,-1,-1,-1,-1,-1,-1,0,157.191162
1647,64,1072,-1,-1,-1,-1,-1,-1,0,94.357506
1648,64,2080,-1,-1,-1,-1,-1,-1,0,156.333054
1649,64,64,-1,-1,-1,-1,-1,22.252544,1,22.321152
1650,64,64,-1,-1,-1,-1,-1,22.053888,1,22.114304
1651,64,64,-1,-1,-1,-1,-1,21.941248,1,21.985279
1652,64,64,-1,-1,-1,-1,-1,21.927937,1,21.99552
1653,64,1072,-1,-1,-1,-1,-1,-1,0,92.676094
1654,64,64,-1,-1,-1,-1,-1,22.315008,1,22.383615
1655,64,2079,-1,-1,-1,-1,-1,-1,0,155.299835
1656,64,1072,-1,-1,-1,-1,-1,-1,0,94.330879
1657,64,1072,-1,-1,-1,-1,-1,-1,0,94.277634
1658,64,1072,-1,-1,-1,-1,-1,-1,0,94.217216
1659,64,64,-1,-1,-1,-1,-1,22.262783,1,22.329344
1660,64,1072,-1,-1,-1,-1,-1,-1,0,93.052925
1661,64,1072,-1,-1,-1,-1,-1,-1,0,94.247932
1662,64,3088,-1,-1,-1,-1,-1,-1,0,215.020538
1663,64,64,-1,-1,-1,-1,-1,22.382591,1,22.450176
1664,64,1072,-1,-1,-1,-1,-1,-1,0,93.108223
1665,64,2080,-1,-1,-1,-1,-1,-1,0,156.075012
1666,64,64,-1,-1,-1,-1,-1,22.235136,1,22.302719
1667,64,1072,-1,-1,-1,-1,-1,-1,0,93.081596
1668,64,1072,-1,-1,-1,-1,-1,-1,0,94.320641
1669,64,1072,-1,-1,-1,-1,-1,-1,0,94.042114
1670,64,64,-1,-1,-1,-1,-1,22.281216,1,22.348801
1671,64,2080,-1,-1,-1,-1,-1,-1,0,154.767365
1672,64,64,-1,-1,-1,-1,-1,22.219776,1,22.288383
1673,64,64,-1,-1,-1,-1,-1,22.037504,1,22.106112
1674,64,64,-1,-1,-1,-1,-1,21.927937,1,21.989376
1675,64,64,-1,-1,-1,-1,-1,21.850113,1,21.910528
1676,64,64,-1,-1,-1,-1,-1,21.866495,1,21.935104
1677,64,1071,-1,-1,-1,-1,-1,-1,0,92.316673
1678,64,64,-1,-1,-1,-1,-1,22.308865,1,22.370304
1679,64,2080,-1,-1,-1,-1,-1,-1,0,155.239426
1680,64,64,-1,-1,-1,-1,-1,22.287359,1,22.354944
1681,64,64,-1,-1,-1,-1,-1,22.034431,1,22.102016
1682,64,64,-1,-1,-1,-1,-1,21.932032,1,21.998592
1683,64,1072,-1,-1,-1,-1,-1,-1,0,92.504066
1684,64,1072,-1,-1,-1,-1,-1,-1,0,94.011391
1685,64,64,-1,-1,-1,-1,-1,22.237185,1,22.303743
1686,64,1072,-1,-1,-1,-1,-1,-1,0,92.965889
1687,64,64,-1,-1,-1,-1,-1,22.237185,1,22.305792
1688,64,64,-1,-1,-1,-1,-1,22.031361,1,22.0928
1689,64,64,-1,-1,-1,-1,-1,21.895168,1,21.953535
1690,64,64,-1,-1,-1,-1,-1,21.87776,1,21.938175
1691,64,64,-1,-1,-1,-1,-1,21.864449,1,21.933056
1692,64,64,-1,-1,-1,-1,-1,21.860352,1,21.928961
1693,64,64,-1,-1,-1,-1,-1,21.813248,1,21.879808
1694,64,64,-1,-1,-1,-1,-1,21.822464,1,21.889025
1695,64,64,-1,-1,-1,-1,-1,21.849089,1,21.909504
1696,64,1072,-1,-1,-1,-1,-1,-1,0,92.552193
1697,64,64,-1,-1,-1,-1,-1,22.248447,1,22.316032
1698,64,64,-1,-1,-1,-1,-1,22.040577,1,22.109184
1699,64,64,-1,-1,-1,-1,-1,21.952513,1,22.020096
1700,64,1072,-1,-1,-1,-1,-1,-1,0,92.450813
1701,64,64,-1,-1,-1,-1,-1,22.256639,1,22.324224
1702,64,64,-1,-1,-1,-1,-1,22.041599,1,22.109184
1703,64,64,-1,-1,-1,-1,-1,21.937153,1,22.014977
1704,64,64,-1,-1,-1,-1,-1,21.912577,1,21.98016
1705,64,64,-1,-1,-1,-1,-1,21.935104,1,21.99552
1706,64,64,-1,-1,-1,-1,-1,21.936129,1,21.99552
1707,64,1072,-1,-1,-1,-1,-1,-1,0,92.598274
1708,64,64,-1,-1,-1,-1,-1,22.336512,1,22.404097
1709,64,64,-1,-1,-1,-1,-1,22.10816,1,22.176767
1710,64,64,-1,-1,-1,-1,-1,21.999617,1,22.0672
1711,64,64,-1,-1,-1,-1,-1,21.952513,1,22.019072
1712,64,64,-1,-1,-1,-1,-1,21.948416,1,22.016001
1713,64,64,-1,-1,-1,-1,-1,21.919744,1,21.988352
1714,64,64,-1,-1,-1,-1,-1,21.897217,1,21.956608
1715,64,3087,-1,-1,-1,-1,-1,-1,0,213.4272
1716,64,64,-1,-1,-1,-1,-1,22.263807,1,22.3232
1717,64,64,-1,-1,-1,-1,-1,22.093824,1,22.153215
1718,64,1072,-1,-1,-1,-1,-1,-1,0,92.503036
1719,64,64,-1,-1,-1,-1,-1,22.26688,1,22.334463
1720,64,64,-1,-1,-1,-1,-1,22.064129,1,22.122496
1721,64,64,-1,-1,-1,-1,-1,21.982208,1,22.039553
1722,64,64,-1,-1,-1,-1,-1,21.981184,1,22.040577
1723,64,64,-1,-1,-1,-1,-1,21.986303,1,22.044672
1724,64,64,-1,-1,-1,-1,-1,21.993471,1,22.061056
1725,64,64,-1,-1,-1,-1,-1,21.929983,1,21.99552
1726,64,64,-1,-1,-1,-1,-1,21.932032,1,21.999617
1727,64,64,-1,-1,-1,-1,-1,21.929983,1,21.996544
1728,64,64,-1,-1,-1,-1,-1,21.90848,1,21.967873
1729,64,1071,-1,-1,-1,-1,-1,-1,0,92.816383
1730,64,2080,-1,-1,-1,-1,-1,-1,0,156.628998
1731,64,64,-1,-1,-1,-1,-1,22.380545,1,22.447104
1732,64,64,-1,-1,-1,-1,-1,22.095873,1,22.156288
1733,64,64,-1,-1,-1,-1,-1,22.03648,1,22.103041
1734,64,1072,-1,-1,-1,-1,-1,-1,0,93.248512
1735,64,64,-1,-1,-1,-1,-1,22.363136,1,22.431744
1736,64,64,-1,-1,-1,-1,-1,22.097919,1,22.156288
1737,64,1072,-1,-1,-1,-1,-1,-1,0,92.874748
1738,64,64,-1,-1,-1,-1,-1,22.405121,1,22.473728
1739,64,1072,-1,-1,-1,-1,-1,-1,0,93.551613
1740,64,1072,-1,-1,-1,-1,-1,-1,0,94.775299
1741,64,64,-1,-1,-1,-1,-1,22.366207,1,22.434816
1742,64,1072,-1,-1,-1,-1,-1,-1,0,93.605888
1743,64,64,-1,-1,-1,-1,-1,22.3232,1,22.390783
1744,64,1072,-1,-1,-1,-1,-1,-1,0,93.442047
1745,64,64,-1,-1,-1,-1,-1,22.327295,1,22.39488
1746,64,1072,-1,-1,-1,-1,-1,-1,0,93.485054
1747,64,64,-1,-1,-1,-1,-1,22.373377,1,22.441984
1748,64,2080,-1,-1,-1,-1,-1,-1,0,155.483139
1749,64,2080,-1,-1,-1,-1,-1,-1,0,156.565506
1750,64,64,-1,-1,-1,-1,-1,22.395905,1,22.464512
1751,64,1071,-1,-1,-1,-1,-1,-1,0,93.155327
1752,64,64,-1,-1,-1,-1,-1,22.330368,1,22.391808
1753,64,64,-1,-1,-1,-1,-1,22.156288,1,22.215679
1754,64,64,-1,-1,-1,-1,-1,22.064129,1,22.132736
1755,64,1071,-1,-1,-1,-1,-1,-1,0,92.971008
1756,64,64,-1,-1,-1,-1,-1,22.416384,1,22.484991
1757,64,64,-1,-1,-1,-1,-1,22.183935,1,22.25152
1758,64,64,-1,-1,-1,-1,-1,22.08256,1,22.152191
1759,64,1072,-1,-1,-1,-1,-1,-1,0,92.928001
1760,64,1072,-1,-1,-1,-1,-1,-1,0,94.76403
1761,64,1072,-1,-1,-1,-1,-1,-1,0,94.801918
1762,64,1072,-1,-1,-1,-1,-1,-1,0,94.535683
1763,64,2080,-1,-1,-1,-1,-1,-1,0,156.546051
1764,64,2080,-1,-1,-1,-1,-1,-1,0,156.479492
1765,64,64,-1,-1,-1,-1,-1,22.374399,1,22.44096
1766,64,64,-1,-1,-1,-1,-1,22.157312,1,22.22592
1767,64,1072,-1,-1,-1,-1,-1,-1,0,93.099007
1768,64,64,-1,-1,-1,-1,-1,22.38464,1,22.445057
1769,64,64,-1,-1,-1,-1,-1,22.129663,1,22.189056
1770,64,2080,-1,-1,-1,-1,-1,-1,0,154.833923
1771,64,64,-1,-1,-1,-1,-1,22.347776,1,22.407167
1772,64,64,-1,-1,-1,-1,-1,22.114304,1,22.181889
1773,64,1072,-1,-1,-1,-1,-1,-1,0,92.912643
1774,64,1072,-1,-1,-1,-1,-1,-1,0,94.733315
1775,64,1072,-1,-1,-1,-1,-1,-1,0,94.417923
1776,64,2079,-1,-1,-1,-1,-1,-1,0,156.391418
1777,64,1072,-1,-1,-1,-1,-1,-1,0,94.311424
1778,64,1072,-1,-1,-1,-1,-1,-1,0,93.68576
1779,64,5103,-1,-1,-1,-1,-1,-1,0,328.015869
1780,64,1072,-1,-1,-1,-1,-1,-1,0,94.956543
1781,64,1072,-1,-1,-1,-1,-1,-1,0,94.027779
1782,64,64,-1,-1,-1,-1,-1,22.276096,1,22.344704
1783,64,64,-1,-1,-1,-1,-1,21.976065,1,22.042624
1784,64,64,-1,-1,-1,-1,-1,21.911552,1,21.976065
1785,64,64,-1,-1,-1,-1,-1,21.872641,1,21.938175
1786,64,64,-1,-1,-1,-1,-1,21.873665,1,21.933056
1787,64,64,-1,-1,-1,-1,-1,21.900288,1,21.958656
1788,64,2080,-1,-1,-1,-1,-1,-1,0,154.536957
1789,64,64,-1,-1,-1,-1,-1,22.200319,1,22.265856
1790,64,1072,-1,-1,-1,-1,-1,-1,0,92.888062
1791,64,64,-1,-1,-1,-1,-1,22.238209,1,22.305792
1792,64,64,-1,-1,-1,-1,-1,22.052864,1,22.121471
1793,64,1072,-1,-1,-1,-1,-1,-1,0,93.048836
1794,64,1072,-1,-1,-1,-1,-1,-1,0,94.162941
1795,64,2079,-1,-1,-1,-1,-1,-1,0,156.124161
1796,64,64,-1,-1,-1,-1,-1,22.288383,1,22.356993
1797,64,64,-1,-1,-1,-1,-1,22.033407,1,22.100992
1798,64,64,-1,-1,-1,-1,-1,21.902336,1,21.969919
1799,64,1072,-1,-1,-1,-1,-1,-1,0,92.267517
1800,64,64,-1,-1,-1,-1,-1,22.326271,1,22.393856
1801,64,64,-1,-1,-1,-1,-1,22.032385,1,22.100992
1802,64,1071,-1,-1,-1,-1,-1,-1,0,92.713982
1803,64,1072,-1,-1,-1,-1,-1,-1,0,94.071808
1804,64,1072,-1,-1,-1,-1,-1,-1,0,94.070786
1805,64,64,-1,-1,-1,-1,-1,22.233088,1,22.301697
1806,64,1072,-1,-1,-1,-1,-1,-1,0,92.956673
1807,64,64,-1,-1,-1,-1,-1,22.308865,1,22.376448
1808,64,64,-1,-1,-1,-1,-1,22.008833,1,22.069248
1809,64,64,-1,-1,-1,-1,-1,21.952513,1,22.011904
1810,64,64,-1,-1,-1,-1,-1,21.880833,1,21.940224
1811,64,1072,-1,-1,-1,-1,-1,-1,0,92.851196
1812,64,1072,-1,-1,-1,-1,-1,-1,0,94.263298
1813,64,64,-1,-1,-1,-1,-1,22.313984,1,22.381569
1814,64,1072,-1,-1,-1,-1,-1,-1,0,93.233154
1815,64,64,-1,-1,-1,-1,-1,22.326271,1,22.385664
1816,64,64,-1,-1,-1,-1,-1,22.091776,1,22.158337
1817,64,1072,-1,-1,-1,-1,-1,-1,0,92.666878
1818,64,64,-1,-1,-1,-1,-1,22.226944,1,22.296576
1819,64,64,-1,-1,-1,-1,-1,22.096895,1,22.165504
1820,64,64,-1,-1,-1,-1,-1,21.989376,1,22.056959
1821,64,1071,-1,-1,-1,-1,-1,-1,0,92.808189
1822,64,64,-1,-1,-1,-1,-1,22.358015,1,22.427649
1823,64,64,-1,-1,-1,-1,-1,22.096895,1,22.166529
1824,64,64,-1,-1,-1,-1,-1,21.968897,1,22.03648
1825,64,64,-1,-1,-1,-1,-1,21.919744,1,21.994495
1826,64,64,-1,-1,-1,-1,-1,21.925888,1,21.985279
1827,64,64,-1,-1,-1,-1,-1,21.927937,1,21.988352
1828,64,1072,-1,-1,-1,-1,-1,-1,0,92.204033
1829,64,64,-1,-1,-1,-1,-1,22.264832,1,22.332417
1830,64,64,-1,-1,-1,-1,-1,22.037504,1,22.107136
1831,64,1072,-1,-1,-1,-1,-1,-1,0,92.949501
1832,64,64,-1,-1,-1,-1,-1,22.295551,1,22.364161
1833,64,1072,-1,-1,-1,-1,-1,-1,0,93.295616
1834,64,64,-1,-1,-1,-1,-1,22.361088,1,22.430719
1835,64,64,-1,-1,-1,-1,-1,22.06208,1,22.130688
1836,64,1072,-1,-1,-1,-1,-1,-1,0,93.293571
1837,64,64,-1,-1,-1,-1,-1,22.367231,1,22.4256
1838,64,64,-1,-1,-1,-1,-1,22.071297,1,22.139904
1839,64,64,-1,-1,-1,-1,-1,22.002687,1,22.071297
1840,64,64,-1,-1,-1,-1,-1,21.965824,1,22.033407
1841,64,64,-1,-1,-1,-1,-1,21.98016,1,22.049791
1842,64,2079,-1,-1,-1,-1,-1,-1,0,154.894333
1843,64,64,-1,-1,-1,-1,-1,22.246401,1,22.31296
1844,64,64,-1,-1,-1,-1,-1,22.08256,1,22.153215
1845,64,64,-1,-1,-1,-1,-1,22.002687,1,22.069248
1846,64,64,-1,-1,-1,-1,-1,22.006784,1,22.073343
1847,64,64,-1,-1,-1,-1,-1,22.003712,1,22.070272
1848,64,1072,-1,-1,-1,-1,-1,-1,0,93.143044
1849,64,64,-1,-1,-1,-1,-1,22.321152,1,22.381569
1850,64,64,-1,-1,-1,-1,-1,22.130688,1,22.200319
1851,64,64,-1,-1,-1,-1,-1,22.065151,1,22.132736
1852,64,64,-1,-1,-1,-1,-1,21.988352,1,22.055937
1853,64,64,-1,-1,-1,-1,-1,21.97504,1,22.040577
1854,64,2080,-1,-1,-1,-1,-1,-1,0,155.386887
1855,64,64,-1,-1,-1,-1,-1,22.318081,1,22.383615
1856,64,64,-1,-1,-1,-1,-1,22.094849,1,22.163456
1857,64,2080,-1,-1,-1,-1,-1,-1,0,155.36026
1858,64,64,-1,-1,-1,-1,-1,22.35392,1,22.421503
1859,64,64,-1,-1,-1,-1,-1,22.141953,1,22.211584
1860,64,64,-1,-1,-1,-1,-1,22.018047,1,22.085632
1861,64,64,-1,-1,-1,-1,-1,21.98016,1,22.038528
1862,64,1072,-1,-1,-1,-1,-1,-1,0,92.947456
1863,64,1072,-1,-1,-1,-1,-1,-1,0,94.568451
1864,64,1072,-1,-1,-1,-1,-1,-1,0,94.637054
1865,64,64,-1,-1,-1,-1,-1,22.41024,1,22.469631
1866,64,1071,-1,-1,-1,-1,-1,-1,0,93.463554
1867,64,64,-1,-1,-1,-1,-1,22.278145,1,22.344704
1868,64,64,-1,-1,-1,-1,-1,22.141953,1,22.203392
1869,64,64,-1,-1,-1,-1,-1,22.029312,1,22.102016
1870,64,64,-1,-1,-1,-1,-1,22.020096,1,22.086657
1871,64,1072,-1,-1,-1,-1,-1,-1,0,92.769279
1872,64,64,-1,-1,-1,-1,-1,22.318081,1,22.385664
1873,64,1072,-1,-1,-1,-1,-1,-1,0,93.478912
1874,64,64,-1,-1,-1,-1,-1,22.349825,1,22.418432
1875,64,64,-1,-1,-1,-1,-1,22.201344,1,22.262783
1876,64,1072,-1,-1,-1,-1,-1,-1,0,93.274109
1877,64,64,-1,-1,-1,-1,-1,22.347776,1,22.417408
1878,64,3088,-1,-1,-1,-1,-1,-1,0,214.290436
1879,64,64,-1,-1,-1,-1,-1,22.375423,1,22.434816
1880,64,64,-1,-1,-1,-1,-1,22.155264,1,22.223871
1881,64,64,-1,-1,-1,-1,-1,21.993471,1,22.063105
1882,64,64,-1,-1,-1,-1,-1,21.983232,1,22.041599
1883,64,64,-1,-1,-1,-1,-1,22.001663,1,22.070272
1884,64,1071,-1,-1,-1,-1,-1,-1,0,93.039619
1885,64,1072,-1,-1,-1,-1,-1,-1,0,94.665726
1886,64,64,-1,-1,-1,-1,-1,22.335487,1,22.404097
1887,64,64,-1,-1,-1,-1,-1,22.139904,1,22.206465
1888,64,64,-1,-1,-1,-1,-1,22.012928,1,22.080511
1889,64,2080,-1,-1,-1,-1,-1,-1,0,155.795456
1890,64,1072,-1,-1,-1,-1,-1,-1,0,94.580734
1891,64,64,-1,-1,-1,-1,-1,22.362112,1,22.429695
1892,64,2079,-1,-1,-1,-1,-1,-1,0,155.214844
1893,64,2080,-1,-1,-1,-1,-1,-1,0,157.020157
1894,64,1072,-1,-1,-1,-1,-1,-1,0,94.476288
1895,64,1072,-1,-1,-1,-1,-1,-1,0,94.448639
1896,64,2079,-1,-1,-1,-1,-1,-1,0,157.043716
1897,64,3088,-1,-1,-1,-1,-1,-1,0,216.498169
1898,64,2079,-1,-1,-1,-1,-1,-1,0,157.330429
1899,64,64,-1,-1,-1,-1,-1,22.285313,1,22.343679
1900,64,64,-1,-1,-1,-1,-1,22.029312,1,22.087681
1901,64,64,-1,-1,-1,-1,-1,21.985279,1,22.05184
1902,64,1072,-1,-1,-1,-1,-1,-1,0,92.756989
1903,64,64,-1,-1,-1,-1,-1,22.302719,1,22.370304
1904,64,2080,-1,-1,-1,-1,-1,-1,0,155.454468
1905,64,64,-1,-1,-1,-1,-1,22.33856,1,22.4
1906,64,1071,-1,-1,-1,-1,-1,-1,0,93.370369
1907,64,1072,-1,-1,-1,-1,-1,-1,0,94.186493
1908,64,64,-1,-1,-1,-1,-1,22.2976,1,22.365185
1909,64,1072,-1,-1,-1,-1,-1,-1,0,93.296638
1910,64,2080,-1,-1,-1,-1,-1,-1,0,156.876801
1911,64,64,-1,-1,-1,-1,-1,22.242304,1,22.309889
1912,64,1072,-1,-1,-1,-1,-1,-1,0,92.733437
1913,64,1072,-1,-1,-1,-1,-1,-1,0,94.069763
1914,64,64,-1,-1,-1,-1,-1,22.238209,1,22.303743
1915,64,64,-1,-1,-1,-1,-1,22.079489,1,22.146048
1916,64,64,-1,-1,-1,-1,-1,21.956608,1,22.025215
1917,64,64,-1,-1,-1,-1,-1,21.894144,1,21.9648
1918,64,2064,-1,-1,-1,-1,-1,-1,0,154.584061
1919,64,64,-1,-1,-1,-1,-1,22.276096,1,22.345728
1920,64,1072,-1,-1,-1,-1,-1,-1,0,93.258751
1921,64,1072,-1,-1,-1,-1,-1,-1,0,94.546944
1922,64,64,-1,-1,-1,-1,-1,22.239231,1,22.306816
1923,64,64,-1,-1,-1,-1,-1,22.050816,1,22.121471
1924,64,64,-1,-1,-1,-1,-1,21.933056,1,22.000641
1925,64,1072,-1,-1,-1,-1,-1,-1,0,92.547073
1926,64,64,-1,-1,-1,-1,-1,22.240255,1,22.310911
1927,64,3088,-1,-1,-1,-1,-1,-1,0,214.807556
1928,64,64,-1,-1,-1,-1,-1,22.332417,1,22.401024
1929,64,1072,-1,-1,-1,-1,-1,-1,0,93.190147
1930,64,64,-1,-1,-1,-1,-1,22.278145,1,22.344704
1931,64,64,-1,-1,-1,-1,-1,22.030336,1,22.090752
1932,64,64,-1,-1,-1,-1,-1,21.959681,1,22.027264
1933,64,64,-1,-1,-1,-1,-1,21.90848,1,21.97504
1934,64,1072,-1,-1,-1,-1,-1,-1,0,92.726273
1935,64,1072,-1,-1,-1,-1,-1,-1,0,94.16909
1936,64,1071,-1,-1,-1,-1,-1,-1,0,94.083069
1937,64,64,-1,-1,-1,-1,-1,22.316032,1,22.376448
1938,64,64,-1,-1,-1,-1,-1,22.08256,1,22.142977
1939,64,64,-1,-1,-1,-1,-1,22.030336,1,22.098944
1940,64,1072,-1,-1,-1,-1,-1,-1,0,92.795906
1941,64,64,-1,-1,-1,-1,-1,22.334463,1,22.402048
1942,64,64,-1,-1,-1,-1,-1,22.076416,1,22.146048
1943,64,64,-1,-1,-1,-1,-1,21.988352,1,22.046721
1944,64,64,-1,-1,-1,-1,-1,21.917696,1,21.987328
1945,64,64,-1,-1,-1,-1,-1,21.960705,1,22.027264
1946,64,64,-1,-1,-1,-1,-1,21.950464,1,22.016001
1947,64,64,-1,-1,-1,-1,-1,21.921791,1,21.988352
1948,64,64,-1,-1,-1,-1,-1,21.886976,1,21.945345
1949,64,64,-1,-1,-1,-1,-1,21.870592,1,21.937153
1950,64,64,-1,-1,-1,-1,-1,21.864449,1,21.924864
1951,64,64,-1,-1,-1,-1,-1,21.878784,1,21.945345
1952,64,2080,-1,-1,-1,-1,-1,-1,0,154.333191
1953,64,1071,-1,-1,-1,-1,-1,-1,0,94.609406
1954,64,64,-1,-1,-1,-1,-1,22.350847,1,22.417408
1955,64,64,-1,-1,-1,-1,-1,22.150145,1,22.218752
1956,64,64,-1,-1,-1,-1,-1,22.000641,1,22.060032
1957,64,64,-1,-1,-1,-1,-1,21.927937,1,21.99552
1958,64,1072,-1,-1,-1,-1,-1,-1,0,92.472321
1959,64,1072,-1,-1,-1,-1,-1,-1,0,94.741501
1960,64,64,-1,-1,-1,-1,-1,22.349825,1,22.419456
1961,64,64,-1,-1,-1,-1,-1,22.130688,1,22.190081
1962,64,64,-1,-1,-1,-1,-1,22.018047,1,22.086657
1963,64,64,-1,-1,-1,-1,-1,21.944321,1,22.01088
1964,64,1072,-1,-1,-1,-1,-1,-1,0,92.53376
1965,64,64,-1,-1,-1,-1,-1,22.373377,1,22.44096
1966,64,64,-1,-1,-1,-1,-1,22.119425,1,22.190081
1967,64,64,-1,-1,-1,-1,-1,22.0672,1,22.135809
1968,64,1072,-1,-1,-1,-1,-1,-1,0,92.963837
1969,64,64,-1,-1,-1,-1,-1,22.356993,1,22.423552
1970,64,64,-1,-1,-1,-1,-1,22.111233,1,22.177792
1971,64,1072,-1,-1,-1,-1,-1,-1,0,92.74675
1972,64,64,-1,-1,-1,-1,-1,22.360064,1,22.426624
1973,64,64,-1,-1,-1,-1,-1,22.140928,1,22.21056
1974,64,64,-1,-1,-1,-1,-1,22.083584,1,22.143999
1975,64,64,-1,-1,-1,-1,-1,21.989376,1,22.048767
1976,64,64,-1,-1,-1,-1,-1,22.007809,1,22.075392
1977,63,63,-1,-1,-1,-1,-1,22.002687,1,22.070272
1978,63,63,-1,-1,-1,-1,-1,21.919744,1,21.986303
1979,63,63,-1,-1,-1,-1,-1,21.901312,1,21.967873
